Drug Description,Unit Cost
Abilify 5Mg Tablets - 30 Count Bottle,$581.95 
Abiraterone Acetate 250 Mg Tab,$0.73 
Acamprosate Calc Dr 333 Mg Tab,$0.74 
Acepromazine (Promace) 25Mg Tablets,$1.00 
Acetaminophen-Cod #3 Tablet,$0.31 
Acetaminophen-Cod #4 Tablet,$0.45 
Acetazolamide 125Mg Tablets,$0.12 
Acetazolamide 250 Mg Tablets,$0.10 
Acetazolamide Er 500 Mg Cap,$0.24 
Acetic Acid Otic Solution 2 %,$19.03 
Acitretin 25 Mg Capsule,$1.48 
Acyclovir 200 Mg Capsule,$0.06 
Acyclovir 400 Mg Tablet,$0.11 
Acyclovir 5% Cream - 5 Gm Tube,$56.48 
Acyclovir 5% Ointment,$7.16 
Acyclovir 5% Ointment (15G),$2.60 
Acyclovir 5% Ointment (30G),$4.29 
Acyclovir 800 Mg Tablet,$0.14 
Adapalene 0.3% Gel (45G),$18.40 
Adapalene Benzoyl Peroxide 0.3-2.5% Gel- 45G,$32.52 
Adapalene-Benzoyl Peroxide 0.1-2.5% Gel- 45G Pump,$13.33 
Adequan Canine 100Mg/Ml Inj,$124.95 
Adthyza 90Mg Tablet,$0.96 
Advair Diskus 500-50Mcg - 60 Doses,$269.63 
"Advocate 31G-3/16"" Pen Needles",$10.55 
"Advocate Ins 0.5 Ml 31Gx5/16""",$8.74 
Aimovig 140Mg/Ml Auto Injector (1Ml Single Dose),$756.01 
"Aimsco Maxicomfort Ii Pen Needle 31 Gauge, 1/4&Quot;, 100 Count",$6.49 
Ajovy 225Mg/1.5Ml Auto Injector- 1.5Ml,$754.69 
Albendazole 200 Mg - 2 Tab Pack,$12.46 
Albuterol 0.63Mg/3Ml Vial Inhalation Solution (25 X 3Ml Vial Box),$16.06 
Albuterol 2Mg/5Ml Syrup - 16Oz Bottle (473 Ml),$22.31 
Albuterol Hfa 90 Mcg Inh(18G),$32.20 
Albuterol Hfa 90 Mcg Inh(6.7G),$18.54 
Albuterol Hfa 90 Mcg Inh(8.5G),$33.80 
Albuterol Sul 2.5 Mg/3 Ml Soln(75Ml),$7.44 
Albuterol Sul 2.5 Mg/3 Ml Soln(90Ml),$4.59 
Albuterol Sul 2.5Mg/3Ml Soln(180Ml),$11.46 
Albuterol Sulfate 0.083% Inhalation Solution (25 X 3 Ml Vial Box),$4.28 
Albuterol Sulfate Hfa (Proventil) Inhaler 90 Mcg - 6.7 Mg,$10.31 
Alclometasone Dipropionate 0.05% Cream - 15 G Tube,$15.60 
Alendronate Sod 70 Mg Tab (4Ct),$0.75 
Alendronate Sodium 10 Mg Tab,$0.17 
Alendronate Sodium 35 Mg Tab(4Ct),$2.05 
Alendronate Sodium 70 Mg Tab (4 Tab),$0.75 
Alfuzosin Hcl Er 10 Mg Tablet,$0.10 
Allegra-D  (Generic Fexofenadine/Pseudoephedrine Extended-Release) 12 Hour 120-60Mg - 20 Tablet Box (Prescription Only),$18.68 
Allegra-D 24 Hour Tablet (10Ct),$13.44 
Allopurinol 300Mg Tablets,$0.04 
Allopurinol Oral Tablet 100 Mg,$0.03 
Alogliptin-Metformin 12.5-1000,$2.68 
Alosetron Hcl 1 Mg Tablet,$2.11 
Alprazolam 0.25 Mg Tablet,$0.02 
Alprazolam 0.5 Mg Tablet,$0.03 
Alprazolam 1 Mg Tablet,$0.05 
Alprazolam 2 Mg Tablet,$0.05 
Alprazolam Er 0.5 Mg Tablet,$0.10 
Alprazolam Er 1 Mg Tablet,$0.09 
Alprazolam Er 2 Mg Tablet,$0.15 
Alprazolam Xr 1 Mg Tablet,$0.45 
Altavera-28 Tablet,$6.50 
Alyacen 1-35 28 Tablet,$8.99 
Amantadine 100 Mg Capsule,$0.10 
Amantadine 100 Mg Tablet,$0.14 
Amantadine 50Mg/5Ml Syrup (16 Oz Bottle),$29.70 
Amiloride 5Mg Tablets,$0.27 
Amiloride-Hctz 5Mg-50Mg Tablets,$0.66 
Amiodarone Hcl 200 Mg Tablet,$0.08 
Amiodarone Hcl 400Mg Tablets,$0.32 
Amitriptyline 100Mg Tablets,$0.05 
Amitriptyline 150Mg Tablets,$0.12 
Amitriptyline 25Mg Tablets,$0.02 
Amitriptyline 50Mg Tablets,$0.03 
Amitriptyline 75 Mg Tablet,$0.05 
Amitriptyline Hcl 10 Mg Tab,$0.02 
Amitriptyline Hcl 50 Mg Tab,$0.04 
Amitriptyline Hcl 75 Mg Tab,$0.08 
Amlodipine Besylate 10 Mg Tab,$0.14 
Amlodipine Besylate 2.5 Mg Tab,$0.04 
Amlodipine Besylate 5 Mg Tab,$0.02 
Amlodipine-Atorv 5-20Mg Tablet,$0.52 
Amlodipine-Atorvastatin 10-10Mg Tablets,$0.69 
Amlodipine-Atorvastatin 10-20Mg Tablets,$0.52 
Amlodipine-Atorvastatin 10-40Mg Tablets,$0.79 
Amlodipine-Atorvastatin 10-80Mg Tablets,$1.10 
Amlodipine-Benazepril 10-20Mg Capsules,$0.10 
Amlodipine-Benazepril 10-40 Mg,$0.15 
Amlodipine-Benazepril 2.5-10,$0.08 
Amlodipine-Benazepril 5-10Mg Capsules,$0.09 
Amlodipine-Benazepril 5-20 Mg,$0.09 
Amlodipine-Benazepril 5-40 Mg,$0.12 
Amlodipine-Olme 5-20 Mg Tablet,$0.15 
Amlodipine-Olmesartan 10-40 Mg,$0.19 
Amlodipine-Olmesartan 5-40 Mg Tab,$0.18 
Amlodipine-Olmesartan Medoxomil-Hctz 10-40-12.5Mg Tablets,$1.26 
Amlodipine-Olmesartan Tab 5-40 Mg,$0.22 
Amlodipine-Valsartan 10-320 Mg Tab,$0.82 
Amlodipine-Valsartan 5-160 Mg,$0.68 
Amlodipine-Valsartan 5-320 Mg,$1.06 
Ammonium Lactate 12% Lotion (226G Bottle),$4.28 
Ammonium Lactate 12% Lotion (400) Rx,$26.49 
Amox-Clav 500-125 Mg Tablet,$0.45 
Amox-Clav 875-125 Mg Tablet,$0.30 
Amoxicillin 125Mg/5Ml Suspension (100Ml Bottle),$2.93 
Amoxicillin 125Mg/5Ml Suspension (150Ml Bottle),$2.98 
Amoxicillin 125Mg/5Ml Suspension (80Ml Bottle),$1.97 
Amoxicillin 250 Mg Capsule,$0.13 
Amoxicillin 250Mg/5Ml Suspension (100Ml Bottle),$2.80 
Amoxicillin 400Mg/5Ml Suspension (100Ml Bottle),$11.34 
Amoxicillin 500 Mg Tablet,$0.09 
Amoxicillin 500Mg Capsules,$0.08 
Amoxicillin Clavulanate 600-42.9/5Ml- 75Ml,$10.42 
Amoxicillin Oral Suspension Reconstituted 250 Mg/5Ml,$4.35 
Amoxicillin/Clavulanate 875-125Mg Tablets,$0.28 
Anagrelide Hcl 1 Mg Capsule,$1.76 
Anastrozole 1 Mg Tablet,$0.09 
Anucort-Hc 25 Mg Suppository (12Ct),$30.43 
Apri 28 Day Tablet,$5.82 
Arformoterol 15 Mcg -2 Ml - 30X2 Ml Unit Doses,$27.45 
Aripiprazole 10 Mg Tablet,$0.04 
Aripiprazole 15 Mg Tablet,$0.07 
Aripiprazole 2 Mg Tablet,$0.02 
Aripiprazole 20 Mg Tablet,$0.06 
Aripiprazole 30 Mg Tablet,$0.08 
Aripiprazole 5 Mg Tablet,$0.03 
Armodafinil 150 Mg Tablet,$0.56 
Armodafinil 200 Mg Tablet,$0.59 
Armodafinil 250 Mg Tablet,$0.80 
Armodafinil 50 Mg Tablet,$0.20 
Armour Thyroid 120 Mg Tablet,$2.58 
Armour Thyroid 180 Mg Tablet,$1.94 
Armour Thyroid 30 Mg Tablet,$1.35 
Armour Thyroid 300 Mg Tablet,$2.94 
Armour Thyroid 60 Mg Tablet,$2.50 
Armour Thyroid 90 Mg Tablet,$2.21 
Armour Thyroid Oral Tablet 15 Mg,$1.17 
Asenapine 10Mg Sublingual Tablets- 60Ct Bottle,$55.43 
Asmanex Hfa 100Mg Inhaler- 120 Metered Doses,$102.50 
Asmanex Twisthalr 220 Mcg #120,$172.51 
Aspirin-Dipyridamole 25-200Mg Capsule,$29.73 
Aspirin-Dipyridamole Er 25-200Mg Capsules - 60Ct Bottle,$33.83 
Atenolol 100 Mg Tablet,$0.05 
Atenolol 25Mg Tablets,$0.01 
Atenolol 50 Mg Tablet,$0.12 
Atenolol-Chlorthalidone 100-25,$0.37 
Atenolol-Chlorthalidone 50-25,$0.16 
Atomoxetine Hcl 10 Mg Capsule,$0.20 
Atomoxetine Hcl 18Mg Capsules,$0.20 
Atomoxetine Hcl 25 Mg Capsule,$0.19 
Atomoxetine Hcl 40 Mg Capsule,$0.29 
Atomoxetine Hcl 60Mg Capsules,$0.22 
Atomoxetine Hcl 80Mg Capsules,$0.28 
Atorvastatin 10 Mg Tablet,$0.03 
Atorvastatin 20 Mg Tablet,$0.11 
Atorvastatin 40 Mg Tablet,$0.08 
Atorvastatin Calcium 80Mg Tab,$0.06 
Atovaquone 750Mg/5Ml Oral Suspension- 210Ml,$113.38 
Atovaquone-Proguanil 250-100 Mg Tablet,$1.57 
Atropine Sulfate 1% Ophthalmic Solution (5Ml Bottle),$39.71 
Aubra Eq-28 Tablet,$7.55 
Aviane-28 Tablet,$8.88 
Azathioprine 50 Mg Tablet,$0.13 
Azelaic Acid 15% Gel,$32.38 
Azelaic Acid 15% Gel (50G),$26.15 
Azelastin-Flutic 137-50 Mcg Spr (23G),$87.36 
Azelastine 0.1% (137 Mcg) Spry,$6.15 
Azelastine Hcl 0.05% Drops (6Ml),$3.59 
Azithromycin 250 Mg Tablet,$0.21 
Azithromycin 250 Mg Tablet (6Ct),$1.71 
Azithromycin 3X6 250 Mg Tab,$1.22 
Azithromycin 500 Mg Tab 3 Ud,$2.85 
Azithromycin 500 Mg Tablet (3Pk),$1.67 
Azithromycin 500Mg Tablets,$0.18 
Azithromycin 500Mg Tablets Tri-Pak (3 Tablet Pack),$2.59 
Azithromycin 600 Mg Tablet,$0.38 
Baclofen 10 Mg Tablet,$0.03 
Baclofen 20Mg Tablets,$0.03 
Baclofen 5 Mg Tablet,$0.02 
Balsalazide Disodium 750 Mg Capsule,$0.38 
Baytril 22.7 Mg Taste Tablet,$1.09 
Benazepril 10Mg Tablets,$0.05 
Benazepril Hcl 10 Mg Tablet,$0.10 
Benazepril Hcl 20 Mg Tablet,$0.05 
Benazepril Hcl 40 Mg Tablet,$0.12 
Benazepril Hcl 5 Mg Tablet,$0.04 
Benazepril Hcl Oral Tablet 5 Mg,$0.04 
Benazepril-Hctz 10-12.5Mg Tablets,$0.17 
Benazepril-Hctz 20-12.5 Mg Tab,$0.61 
Benicar 20Mg Tablets,$11.85 
Benicar 40Mg Tablets,$19.26 
Benzonatate 100 Mg Capsule,$0.25 
Benzonatate 200 Mg Capsule,$0.10 
Benzonatate 200Mg Capsules,$0.10 
Benztropine 0.5Mg Tablets,$0.07 
Benztropine Mes 0.5 Mg Tab,$0.05 
Benztropine Mes 1 Mg Tablet,$0.09 
Benztropine Mes 2 Mg Tablet,$0.12 
Betamethasone Dipropionate 0.05% Lotion (60Ml Bottle),$11.88 
Betamethasone Dipropionate 0.05% Non-Augmented Ointment (15G Tube),$5.04 
Betamethasone Dipropionate 0.05% Ointment (45G Tube),$13.23 
Betamethasone Dipropionate Augmented 0.05% Cream (15 G Tube),$3.68 
Betamethasone Dipropionate Augmented 0.05% Lotion (30Ml Bottle),$15.55 
Betamethasone Dipropionate Augmented 0.05% Ointment (15G Tube),$10.49 
Betamethasone Dipropionate Augmented 0.05% Ointment (45G Tube),$37.88 
Betamethasone Dp 0.05% Crm (15G),$6.30 
Betamethasone Dp 0.05% Crm (45G),$12.90 
Betamethasone Dp 0.05% Oint (15G),$6.22 
Betamethasone Dp Aug 0.05% Lot,$22.65 
Betamethasone Va 0.1% Cream 45Gm,$13.86 
Betamethasone Va 0.1% Lotion (60Ml),$25.29 
Betamethasone Valerate 0.1% Cream (15 G Tube),$5.69 
Betamethasone Valerate 0.1% Cream (45 G Tube),$17.31 
Betamethasone Valerate 0.1% Ointment (45G Tube),$17.63 
Betamethasone Valerate 0.12% Foam- 50G,$27.22 
Betamethasone/Calcipotriene .005-.064% Ointment- 60Gm,$120.78 
Bethanechol 10Mg Tablets,$0.14 
Bethanechol 25 Mg Tablet,$0.24 
Bethanechol 50 Mg Tablet,$0.27 
Bexacat (Bexagliflozin) Flavored Tablets For Cats 15Mg- 30 Count,$58.55 
Bicalutamide 50 Mg Tablet,$0.48 
Bicillin L-A 1.2Mmu- 10X2Ml Prefilled Syringes,"$3,390.58 "
Bimatoprost 0.03% Eyelash Soln-3Ml,$77.76 
Bimatoprost 0.03% Eyelash Soln(5Ml),$139.71 
Biomox (Amoxicillin) 100 Mg Tablets,$0.35 
Bisoprolol Fumarate 10 Mg Tab,$0.10 
Bisoprolol Fumarate 5 Mg Tab,$0.09 
Bisoprolol-Hctz 10-6.25 Mg Tab,$0.15 
Bisoprolol-Hctz 2.5-6.25Mg Tablets,$0.08 
Bisoprolol-Hctz 5-6.25 Mg Tab,$0.19 
Blisovi 24 Fe 1-0.02Mg Tablets- 28 Tablet Pack,$5.19 
Blisovi Fe 1-0.02 Mg Tablets- 28 Tablet Pack,$10.77 
Blisovi Fe 1.5-0.03Mg Tablets- 28 Tablet Pack,$4.21 
Breztri Aerosphere 160-9-4.8 Mcg Inhaler - 10.7G,$667.50 
Brimonidine 0.2% Eye Drop (5Ml),$3.38 
Brimonidine 0.2% Eye Drop(10Ml),$4.46 
Brimonidine 0.2% Eye Drop(15Ml),$6.03 
Brimonidine Tartrate .2% Opsl Gn 5Ml,$2.18 
Brimonidine Tartrate 0.15% Ophthalmic Solution - 15 Ml Bottle,$148.75 
Brimonidine Timolol 0.2-0.5% Ophthalmic Solution- 5Ml,$8.45 
Brinzolamide 1% Eye Drops (10Ml),$69.81 
Bromocriptine 2.5Mg Tablets,$1.10 
Budesonide (Symbicort) 160-4.5Mcg Inhaler- 10.2G,$223.75 
Budesonide (Symbicort) 80-4.5Mcg Inhaler- 120 Doses,$163.27 
Budesonide 0.25Mg/2Ml Suspension (30 X 2Ml Vials Per Box),$28.18 
Budesonide 0.5 Mg/2 Ml Susp (60Ml),$60.89 
Budesonide 1 Mg/2 Ml Inh Susp(60Ml),$259.20 
Budesonide Dr 3 Mg Capsule,$0.39 
Budesonide Inhalation Suspension 0.5 Mg/2Ml,$33.93 
Bumetanide 0.5 Mg Tablet,$0.09 
Bumetanide 1 Mg Tablet,$0.11 
Bumetanide 2Mg Tablets,$0.13 
Bupren-Naloxone 8-2 Mg Sl Tab,$21.64 
Buprenorph-Nalox 2-0.5Mg Sl Film,$1.77 
Bupropion Hcl 100 Mg Tablet,$0.09 
Bupropion Hcl 75 Mg Tablet,$0.08 
Bupropion Hcl Sr 100 Mg Tablet,$0.41 
Bupropion Hcl Sr 150 Mg Tablets,$0.05 
Bupropion Hcl Sr 200 Mg Tablet,$0.08 
Bupropion Hcl Xl 150 Mg Tablet,$0.09 
Bupropion Hcl Xl 300 Mg Tablet,$0.11 
Bupropion Sr 150 Mg Tablet (Z),$0.29 
Buspirone 15 Mg Tab,$0.06 
Buspirone Hcl 10 Mg Tablet,$0.03 
Buspirone Hcl 30Mg Tablets,$0.07 
Buspirone Hcl 5 Mg Tablet,$0.02 
Buspirone Hcl 7.5 Mg Tablet,$0.08 
Butal-Apap-Caff 50-325-40Mg Tab,$0.10 
Butalbital-Caffeine-Acetaminophen-Codeine 50-40-325-30Mg Capsules,$0.79 
Cabergoline 0.5 Mg Tablet,$7.05 
Cabergoline 0.5 Mg Tablet (8Ct),$11.07 
Calcipotriene 0.005% Cream (120G Tube),$109.23 
Calcipotriene 0.005% Cream-60G,$44.91 
Calcipotriene 0.005% Ointment (60G Tube),$79.80 
Calcipotriene 0.005% Solution (60Ml Bottle),$160.42 
Calcitonin-Salmon Nasal Soln (3.7Ml),$37.84 
Calcitriol 0.25 Mcg Capsule,$0.16 
Calcitriol 0.5Mcg Capsules,$0.14 
Calcitriol 1 Mcg/Ml Soln (15Ml),$70.56 
Calcium Acetate 667 Mg Capsules,$0.21 
Camila 28 Tablet Pack (.35Mg),$9.71 
Camrese Lo 0.1-0.02Mg Tablets - 3 Month (91 Tablet) Pac,$125.00 
Candesartan 8 Mg Tablets,$0.45 
Candesartan Cilexetil Oral Tablet 32 Mg,$0.64 
Candesartan-Hctz 32-12.5 Mg Tb,$0.62 
Capecitabine 150Mg Tablets,$0.21 
Capecitabine 500 Mg Tablet,$0.44 
Captopril 12.5 Mg Tablet,$0.11 
Captopril 50Mg Tablets,$0.21 
Carafate 1G/10Ml Suspension - 420Ml / 14Oz Bottle,$271.49 
Carbamazepine 200 Mg Tablet,$0.07 
Carbidopa & Levodopa 10-100Mg Ta,$0.10 
Carbidopa-Levo Er 50-200 Tab,$0.12 
Carbidopa-Levodopa 25-100Mg Ud Tab,$0.06 
Carbidopa-Levodopa 25-250 Tab,$0.10 
Carbidopa-Levodopa Er 25-100 Mg Tab,$0.08 
Carbidopa-Levodopa Oral Tablet 25-100 Mg,$0.06 
Cardizem La 120Mg Tablets,$4.81 
Carisoprodol 350 Mg Tablet,$0.05 
Carteolol Hcl 1% Eye Drops (5 Ml Bottle),$4.71 
Cartia Xt 180Mg Capsules,$0.92 
Carvedilol 12.5 Mg Tablet,$0.14 
Carvedilol 25 Mg Tablet,$0.04 
Carvedilol 3.125 Mg Tablet,$0.02 
Carvedilol 6.25 Mg Tablet,$0.03 
Caverject 40Mcg Vials- 6 Single Dose Vials,$873.23 
Caverject Impulse 20 Mcg Kit (2Ct),$215.13 
Caya Contoured Diaphragm,$65.10 
Cefdinir 300 Mg Capsule,$0.44 
Cefixime 100 Mg/5Ml Suspension (50),$98.57 
Cefprozil 500Mg Tablets,$0.75 
Cefuroxime Axetil 500Mg Tablets,$0.34 
Celecoxib 100 Mg Capsule,$0.04 
Celecoxib 200 Mg Capsule,$0.42 
Celecoxib 400 Mg Capsule,$0.14 
Celecoxib 50 Mg Capsule,$0.05 
Cephalexin 250 Mg Capsule,$0.11 
Cephalexin 500Mg Capsules,$0.17 
Cetirizine 10Mg Tablets- 30Ct,$2.62 
Cevimeline 30Mg Capsules,$0.52 
Chlorhexidine 0.12% Rinse (473Ml),$5.48 
Chlorhexidine Gluconate 0.12% Oral Rinse Solution (4Oz Bottle),$2.23 
Chlorthalidone 25Mg Tablets,$0.04 
Chlorthalidone 50Mg Tablets,$0.16 
Chlorzoxazone 500 Mg Tablet,$0.16 
Cholestyramine Light 4 G Packets - 60 Packets Per Box,$37.40 
Cholestyramine Packet Orange (60Ct),$55.54 
"Cholestyramine Powder, Orange Vanilla- 378G",$84.79 
"Chorionic Gonad 10,000 Unit Vl",$187.53 
Cialis 20 Mg Tablet,$57.50 
Cialis 5 Mg Tablet,$11.82 
Ciclopirox 0.77% Cream (15G),$2.68 
Ciclopirox 0.77% Cream (30G),$7.79 
Ciclopirox 0.77% Cream 90Gm,$11.32 
Ciclopirox 0.77% Gel,$23.14 
Ciclopirox 0.77% Gel - 100 G Tube,$52.58 
Ciclopirox 0.77% Gel - 45 G Tube,$32.16 
Ciclopirox 0.77% Topical Suspension - 60 Ml Bottle,$25.96 
Ciclopirox 1% Shampoo- 120Ml,$27.45 
Ciclopirox 8% Solution (6.6Ml),$7.85 
Cilostazol 100Mg Tablets,$0.16 
Cilostazol 50Mg Tablets,$0.10 
Cinacalcet Hcl 60 Mg Tablet,$0.44 
Cinacalcet Hcl 90 Mg Tablet,$1.09 
Cinacalcet Hcl Tab 30 Mg,$0.35 
Ciprofloxacin 0.3% Eye Drop (5Ml),$7.13 
Ciprofloxacin 0.3% Eye Drops (10 Ml Bottle),$15.83 
Ciprofloxacin 0.3% Eye Drops (2.5 Ml Bottle),$14.14 
Ciprofloxacin 250Mg Tablets,$0.10 
Ciprofloxacin 750Mg Tablets,$0.42 
Ciprofloxacin Hcl Oral Tablet 500 Mg,$0.13 
Ciprofloxacin-Dexamethasone 0.3-0.1% Suspension- 7.5Ml,$52.73 
Citalopram 20Mg Tablets,$0.05 
Citalopram Hbr 10 Mg Tablet,$0.03 
Citalopram Hbr 40 Mg Tablet,$0.03 
Clemastine Fumarate 2.68Mg Tablets,$4.80 
Clenpiq 10-3.5-12 Mg/175Ml Sol,$178.03 
Clind Ph-Benz Perox 1.2-5% Gel,$13.97 
Clinda-Tretinoin 1.2%-0.025%,$220.24 
Clindamycin Ph 1% Gel (60G),$6.70 
Clindamycin Ph 1% Gel30,$3.89 
Clindamycin Ph 1% Solution (30Ml),$4.41 
Clindamycin Phos 1% Pledget (60Ct),$22.51 
Clindamycin Phosp 1% Lotion,$11.62 
Clindamycin-Benz Perox 1-5% (50G),$21.10 
Clindamycin-Benzoyl-Peroxide 1%-5% Topical Gel With Pump- 35G,$27.09 
Clindamycin-Tretinoin 1.2-0.025% Gel- 60G,$456.24 
Clinpro 5000 1.1% Paste(113G-Bg),$13.29 
Clinpro 5000 1.1% Paste(113G-Sm),$14.71 
Clinpro 5000 1.1% Paste(113G-Vm),$14.71 
Clobazam (Generic Onfi) 10Mg Tablets,$0.18 
Clobetasol 0.05% Cream (15G),$5.22 
Clobetasol 0.05% Cream (30G),$5.13 
Clobetasol 0.05% Cream (60G),$7.14 
Clobetasol 0.05% Gel (30G),$18.35 
Clobetasol 0.05% Gel (60G),$19.76 
Clobetasol 0.05% Oint (30G),$3.38 
Clobetasol 0.05% Oint (45G),$5.01 
Clobetasol 0.05% Oint (60G),$4.79 
Clobetasol 0.05% Shampoo- 118Ml,$25.06 
Clobetasol 0.05% Soln (25Ml),$4.89 
Clobetasol 0.05% Soln (50Ml),$7.86 
Clobetasol 0.05% Solution 60 Ml,$5.82 
Clobetasol 0.05% Topical Spray 59Ml Bottle,$11.21 
Clobetasol Pro Ointment 0.05 % (45),$7.72 
Clobetasol Prop 0.05% Foam (50G),$16.09 
Clobetasol Prop 0.05% Oint 30G (Partner),$2.94 
Clobetasol Prop Foam 0.05% (50G),$12.45 
Clobetasol Prop Solution 0.05 % (25),$4.68 
Clobetasol Propionate 0.05% Cream - 45G Tube,$12.48 
Clobetasol Propionate 0.05% Foam - 100G Bottle,$21.85 
Clobetasol Propionate 0.05% Lotion- 118Ml,$46.14 
Clobetasol Propionate 0.05% Lotion- 59Ml,$22.42 
Clobetasol Propionate 0.05% Ointment - 15G Tube,$1.72 
Clobetasol Propionate 0.05% Ointment-60G Tube,$4.79 
Clobetasol Propionate E 0.05% Cream - 60G,$36.98 
Clomicalm 5 Mg Tablet,$36.78 
Clomid (Clomiphene) 50Mg Tablets (Cosette)- 10Ct Blister Pack,$40.70 
Clomid 50 Mg Tablet (30Ct),$118.65 
Clomipramine 25 Mg Capsule,$0.15 
Clomipramine 75 Mg Capsule,$0.33 
Clomipramine Hcl 75Mg Caps,$0.22 
Clomipramine Hcl Oral Capsule 50 Mg,$0.17 
Clonazepam 0.5 Mg Dis Tablet,$1.42 
Clonazepam 0.5 Mg Tablet,$0.04 
Clonazepam 1 Mg Odt,$0.38 
Clonazepam 1 Mg Tablet,$0.07 
Clonazepam 2 Mg Tablet,$0.05 
Clonazepam Odt (Generic Klonopin Odt) 1Mg Tablets,$1.63 
Clonidine 0.2 Mg/Day Patch (4ct),$26.54 
Clonidine 0.3 Mg/Day Patch (4ct),$38.14 
Clonidine Er 0.1Mg Tablets,$0.18 
Clonidine Hcl 0.2 Mg Tablet,$0.03 
Clonidine Hcl 0.3 Mg Tablet,$0.04 
Clonidine Hcl Oral Tablet 0.1 Mg,$0.02 
Clonidine Hcl Patch .3Mg Tds 4,$34.12 
Clonidine Transdermal 0.1Mg Patch- 4Ct,$11.54 
Clopidogrel 300 Mg Tablets,$7.29 
Clopidogrel 75 Mg Tablet,$0.05 
Clorazepate (Generic Tranxene T-Tab) 7.5 Mg Tablets,$1.05 
Clotrimazole 1% Cream- 15G,$5.04 
Clotrimazole 1% Topical Cream (30G Tube),$8.94 
Clotrimazole-Beta 1-0.05 % Crm (45),$6.26 
Clotrimazole-Betam Lotion (30Ml),$66.85 
Clotrimazole-Betamet Cream (15G),$2.64 
Clotrimazole-Betamethasone 1-0.05% Cream (45 G Tube),$5.62 
Clotrimazole-Betamethasone Crm (45),$8.90 
Colchicine 0.6 Mg Tablet,$0.06 
Colesevelam 625 Mg Tablet,$0.18 
Colestipol Hcl 1Gm Tab,$0.63 
Combipatch 0.05-0.14 Mg Ptch (8Ct),$242.92 
Compounded Semaglutide Vial,$120.75 
Condylox 0.5% Gel- 3.5G,$628.41 
Constulose 237 Ml 10Gm-15Ml Sol,$4.62 
Coreg Cr 10 Mg Capsule,$33.11 
Cortef (Hydrocortisone) 5 Mg Tablets,$0.20 
Cosopt Pf Eye Drops (60Ct),$193.99 
Cromolyn 4% Ophthalmic Eye Solution (10Ml Bottle),$6.11 
Cromolyn Nasal Spray 26Ml Bottle,$7.79 
Cryselle 0.3-0.03Mg Tablets - 28 Tablet Pack,$7.53 
"Cyanocobalamin 1,000 Mcg/Ml Vl",$1.67 
"Cyanocobalamin 10,000 Mcg/10 Ml",$6.24 
"Cyanocobalamin 30,000 Mcg/30 Ml",$17.17 
Cyclavance (Cyclosporine Oral Solution) 100Mg/Ml - 50 Ml,$140.45 
Cyclavance 100Mg/Ml- 15Ml,$58.54 
Cyclobenzaprine 10 Mg Tablet,$0.03 
Cyclobenzaprine 5 Mg Tablet,$0.03 
Cyclobenzaprine 7.5Mg Tablets,$0.16 
Cyclopentolate Hcl 1% Solution (15 Ml Bottle),$12.42 
Cyclophosphamide 50Mg Capsules,$1.36 
Cyclosporine 0.05% Eye Emul (60Ct),$99.49 
Cyclosporine 25 Mg Capsule (30Ct),$19.29 
Cyclosporine 50 Mg Capsule(30Ct),$25.58 
Cyclosporine Modified 100 Mg (30Ct),$26.76 
Cyclosporine Modified 25 Mg (30 Count Box),$12.29 
Cyclosporine Modified 50 Mg Capsules (30 Count Box),$20.76 
Cyclosporine Modified Oral Capsule 100 Mg,$33.83 
Cytomel 5 Mcg Tablet,$0.53 
Cytomel 50Mcg Tablets,$1.24 
Dabigatran Etexilate 150Mg Capsule- (60 Capsule Bottle),$204.75 
Dalfampridine Er 10 Mg Tablet,$0.19 
Dapagliflozin 10Mg Tablet,$12.94 
Dapsone 5% Gel- 60G,$83.44 
Darifenacin Er 15Mg Tablets,$0.30 
Darifenacin Er 7.5Mg Tablets,$0.29 
Deferasirox 360Mg Tablets,$1.69 
Deferasirox Oral Tablet 180 Mg,$0.42 
Depo-Medrol 40Mg/Ml 10Ml Multidose Vial,$86.10 
Depo-Subq Provera 140Mg/0.65Ml Syringe,$53.23 
Depo-Testosterone 100Mg/Ml- 10Ml Vial,$91.81 
Depo-Testosterone 200 Mg/Ml (1Ml),$35.77 
Depo-Testosterone 200 Mg/Ml(10Ml),$91.65 
Deramaxx 100Mg Chewable Tablets,$3.79 
Deramaxx 25Mg Chew Tablet,$1.43 
Derma-Smoothe-Fs Body Oil (118.28Ml),$38.92 
Desipramine 50Mg Tablets,$0.24 
Desloratadine Oral Tablet 5 Mg,$0.22 
Desmopressin 0.1 Mg Tab,$0.24 
Desmopressin 10 Mcg/0.1 Ml Spr(5Ml),$24.17 
Desmopressin Acetate 0.2 Mg Tb,$0.31 
Desonide 0.05% Cream,$10.42 
Desonide 0.05% Cream (15G),$3.01 
Desonide 0.05% Cream (60G),$15.76 
Desonide 0.05% Lotion - 118 Ml (4Oz) Bottle,$30.02 
Desonide 0.05% Lotion(59Ml),$17.60 
Desonide 0.05% Oint (15G),$5.39 
Desonide 0.05% Ointment - 60 G Tube,$13.20 
Desoximetasone 0.25% Cream,$12.87 
Desvenlafaxine Suc Er 100 Mg,$0.28 
Desvenlafaxine Suc Er 25 Mg,$0.27 
Desvenlafaxine Succinate Er 50Mg Tablets,$0.34 
Dexamethasone 0.1% Eye Drop(5Ml),$35.62 
Dexamethasone 0.5 Mg Tablet,$0.12 
Dexamethasone 4 Mg Tablet,$0.20 
Dexcom G7 Sensor,$131.16 
Dexlansoprazole Dr 30 Mg Cap,$6.54 
Dexlansoprazole Dr 60 Mg Cap,$5.62 
Diazepam 10 Mg Tablet,$0.05 
Diazepam 2 Mg Tablet,$0.03 
Diazepam 5 Mg Tablet,$0.03 
Diclofenac 0.1% Eye Drop(5Ml),$9.42 
Diclofenac 0.1% Ophthalmic Solution (2.5Ml Bottle),$7.00 
Diclofenac 1.5% Topical Soln,$28.29 
Diclofenac 1.5% Topical Soln (150Ml),$11.46 
Diclofenac Epolamine (Flector) 1.3% Adhesive Patch- Box Of 5,$21.83 
Diclofenac Epolamine 1.3% Ptch,$21.83 
Diclofenac Pot 50 Mg Tablet,$0.07 
Diclofenac Sod Ec 75 Mg Tab,$0.07 
Diclofenac Sodium 1% Gel,$14.35 
Diclofenac Sodium 1% Gel- 100G Tube,$13.78 
Diclofenac Sodium 2% Solution (112),$70.30 
Diclofenac Sodium 3% Gel,$24.27 
Diclofenac Sodium 3% Gel(100G),$21.82 
Diclofenac Sodium Delayed Release 75Mg Tablets,$0.06 
Diclofenac Sodium Dr 50Mg Tablets,$0.10 
Diclofenac Sodium Er 100Mg Tablets,$0.60 
Diclofenac Sodium-Misoprostol 75Mg-0.2Mg Tablet- 60Ct Bottle,$54.51 
Dicloxacillin 500Mg Capsules,$1.39 
Dicyclomine 10Mg Capsules,$0.04 
Dicyclomine 20 Mg Tablet,$0.11 
Difluprednate 0.05% Eye Drop (5Ml),$53.47 
Difluprednate 0.05% Ophthalmic Emulsion- 5Ml,$47.96 
Digoxin 125 Mcg Tablet,$0.09 
Digoxin Oral Tablet 250 Mcg,$0.08 
Dilantin 100Mg Capsules,$2.44 
Dilantin 30Mg Capsules,$1.91 
Dilt Xr 120 Mg Capsule,$0.49 
Dilt Xr 180 Mg Capsule,$0.84 
Diltiazem 120 Mg Tablets,$0.27 
Diltiazem 24H Er(Cd) 120 Mg Cp Ab3,$0.22 
Diltiazem 24H Er(Cd) 180 Mg Cp,$0.30 
Diltiazem 24Hr Er 300 Mg Cap,$0.38 
Diltiazem Hcl 120Mg Er Coated Beads Capsules-24Hr,$0.11 
Diltiazem Hcl 60 Mg Tablet,$0.12 
Diltiazem Hcl Er 120 Mg Cap,$0.22 
Diltiazem Hcl Er 300 Mg Ab3,$0.32 
Diltiazem Hcl Er 360 Mg Cap,$0.60 
Diltiazem Hcl Oral Tablet 30 Mg,$0.08 
Dimethyl Fumarate 240 Mg Dr Cp (60Ct),$21.30 
Dimethyl Fumarate Dr 120 Mg Cp,$11.88 
Diphenoxylate-Atrop 2.5-0.025Mg,$0.17 
Disopyramide Phosphate 100Mg Capsules,$0.97 
Disulfiram 250 Mg Tablet,$2.14 
Divalproex Sod Dr 125 Mg Tab,$0.08 
Divalproex Sod Dr 250 Mg Tab,$0.05 
Divalproex Sod Dr 500 Mg Tab,$0.09 
Divalproex Sod Er 250 Mg Tab,$0.09 
Divalproex Sod Er 500 Mg Tab,$0.11 
Divigel 0.1% Gel- 30X1G Packets,$171.38 
Dofetilide 500 Mcg Capsule,$0.14 
Donepezil Hcl 10 Mg Tablet,$0.03 
Donepezil Hcl 5 Mg Tablet,$0.04 
Dorzolamide Hcl 2% Eye Drops,$10.53 
Dorzolamide Hcl 2% Eye Drops (10Ml),$6.45 
Dorzolamide-Timolol Eye Drops (10Ml),$7.42 
Dorzolamide-Timolol Pf 2-0.5% Soln,$43.26 
Dotti (Vivelle-Dot) 0.025Mg/24 Hour - 8 Count,$31.59 
Dotti 0.0375 Mg Patch (8Ct),$31.59 
Dotti 0.05 Patch (8Ct),$31.59 
Dotti 0.1 Mg Patch (2/Wk),$63.36 
Doxazosin Mesylate 1 Mg Tab,$0.10 
Doxazosin Mesylate 2 Mg Tab,$0.06 
Doxazosin Mesylate 4 Mg Tab,$0.07 
Doxazosin Mesylate 8 Mg Tab,$0.09 
Doxepin 10 Mg Capsule,$0.05 
Doxepin 10 Mg/Ml Oral Conc (120Ml),$37.35 
Doxepin 150 Mg Capsule,$0.40 
Doxepin 25 Mg Capsule,$0.07 
Doxycycline Hyclate 100 Mg Capsule,$0.08 
Doxycycline Hyclate 100Mg Tab,$0.08 
Doxycycline Hyclate 20 Mg Tab,$0.08 
Doxycycline Hyclate 50 Mg Cap,$0.08 
Doxycycline Mono 100 Mg Tablet,$0.23 
Doxycycline Mono 50 Mg Cap,$0.08 
Doxycycline Mono 50 Mg Tablet,$0.19 
Dronabinol 5Mg Capsule,$2.69 
Drospirenone Ethinyl Estradiol 3-0.03Mg - 28 Tablet Pack,$8.81 
Drospirenone-Ee 3-0.02 Mg Tab,$2.71 
Drospirenone-Ee 3-0.03 Mg Tab,$2.88 
Droxidopa 100 Mg Capsule,$0.29 
Droxidopa 200Mg Capsules,$0.62 
Droxidopa 300Mg Capsules,$1.34 
Drysol Dab-O-Matic Soln (60Ml),$12.92 
Drysol Solution (37.5Ml),$9.09 
Duloxetine 40Mg Capsules,$1.35 
Duloxetine Hcl Dr 20 Mg Cap,$0.04 
Duloxetine Hcl Dr 30 Mg Cap,$0.05 
Duloxetine Hcl Dr 60 Mg Cap,$0.08 
Dutasteride 0.5 Mg Capsule,$0.14 
Easotic Otic Suspension - 10Ml,$22.51 
Econazole Nitrate 1% Cream,$14.84 
Econazole Nitrate 1% Cream (15G),$6.22 
Econazole Nitrate 1% Cream (30G),$7.78 
Econazole Nitrate 1% Cream (85G),$11.97 
Edex 10 Mcg Cartridge 6-Pk Kit,$522.43 
Edex 10Mcg Cartridge Kit - 2 Pack,$173.33 
Edex 20 Mcg Cartridge 2-Pk Kit,$237.35 
Edex 40 Mcg Cartridge 2-Pk Kit,$324.11 
Edex 40 Mcg Cartridge 6-Pk Kit,$949.11 
Efav/Emtr/Teno 600/200/300Mg Tab,$1.64 
Efudex (Fluorouracil) 5% Cream - 40Gm,$61.45 
Eletriptan Hbr 20 Mg Tablet,$1.35 
Eletriptan Hbr 40 Mg Tablet,$6.32 
Eliquis 2.5 Mg Tablet,$11.68 
Eliquis 5 Mg Tablet,$11.68 
Emtricit-Tenof 200-300 Mg Tab (30Ct),$17.11 
Emtricitabine/Teno 200/300Mg,$9.66 
Enalapril Maleate 10 Mg Tab,$0.06 
Enalapril Maleate 2.5 Mg Tab,$0.03 
Enalapril Maleate 20 Mg Tab,$0.04 
Enalapril Maleate 5 Mg Tablet,$0.04 
Enalapril-Hctz 10Mg-25Mg Tablets,$0.18 
Enoxaparin 300 Mg/3 Ml Vial (3Ml),$41.19 
Enoxaparin 60Mg/0.6Ml Prefilled Syringe (10 Syringes Per Box),$51.07 
Enroquin (Enrofloxacin) 136Mg Flavored Tablets,$3.29 
Enskyce 28 Tablet,$3.72 
Entacapone 200 Mg Tablet,$0.15 
Entecavir 0.5 Mg Tablet,$0.18 
Entecavir 1 Mg Tablet,$0.24 
Epinephrine 0.3 Mg Auto-Inject (2Ct),$201.60 
Eplerenone 25 Mg Tablet,$0.38 
Eplerenone 50 Mg Tablet,$0.33 
Ergocalciferol (Vitamin D2) Oral Drops 8000U/Ml - 60Ml Bottle,$13.89 
Errin 0.35 Mg Tablet,$5.49 
Erythromycin 0.5% Eye Oint (3.5G),$10.02 
Erythromycin 2% Gel - 30G Tube,$14.94 
Erythromycin 2% Soln (60Ml),$20.30 
Erythromycin-Benzoyl Peroxide 3%-5% Topical Gel (23.3 G Jar),$42.45 
Erythromycin-Benzoyl Peroxide 3%-5% Topical Gel (46.6 G Jar),$42.45 
Escitalopram 10 Mg Tablet,$0.07 
Escitalopram 5 Mg Tablet,$0.03 
Escitalopram Oxalate 20 Mg Tablets,$0.14 
Escitalopram Solution 5Mg-5Ml (8Oz Bottle),$22.93 
Esomeprazole Mag Dr 20 Mg Cap,$0.05 
Esomeprazole Mag Dr 40 Mg Cap,$0.06 
Estarylla 0.25-0.035 Mg Tablet,$2.05 
Estradiol .05Mg Tds (8),$24.82 
Estradiol .075Mg Tds Cl Rec 8,$49.88 
Estradiol 0.01% Cream(42.5G),$13.32 
Estradiol 0.025 Mg Patch(1/Wk) 4Ct,$30.43 
Estradiol 0.025 Mg Patch(2/Wk) 8Ct,$35.13 
Estradiol 0.025Mg (Vivelle-Dot) Patch (8 Patch Pack),$26.06 
Estradiol 0.025Mg/24Hr Td Patch Twice Weekly- 8Ct,$35.13 
Estradiol 0.0375 Mg Patch(2/Wk) 8Ct,$52.68 
Estradiol 0.0375Mg/24Hr Td Patch Twice Weekly- 8Ct,$32.85 
Estradiol 0.05 Mg Patch(1/Wk) 4Ct,$30.94 
Estradiol 0.05 Mg Patch(2/Wk) 8Ct,$47.12 
Estradiol 0.05Mg/24Hr Td Patch Twice Weekly- 8Ct - Peppy Sku,$62.74 
Estradiol 0.075 Mg Patch(2/Wk) 8Ct,$31.63 
Estradiol 0.1 Mg Patch (2/Wk),$32.55 
Estradiol 0.1% Gel- 0.75Mg X 30Ct,$32.65 
Estradiol 0.5 Mg Tablet,$0.10 
Estradiol 1 Mg Tablet,$0.07 
Estradiol 1.25 Mg/1.25Gm Gel,$118.15 
Estradiol 10 Mcg Vaginal Insrt,$80.58 
Estradiol 2 Mg Tablet,$0.18 
Estradiol Transdermal Patch 0.0375Mg/Day (Pack Of 4) Once Weekly,$30.94 
Estradiol Transdermal Patch 0.06Mg/Day (Pack Of 4) - Once Weekly,$35.52 
Estradiol Transdermal Patch 0.075Mg/Day (Pack Of 4) - Once Weekly,$30.94 
Estradiol Transdermal Patch 0.1Mg/Day (Pack Of 4) - Once Weekly,$54.56 
Estradiol-Noreth 0.5-0.1 Mg Tb,$13.91 
Estradiol-Noreth 1-0.5 Mg Tab,$14.01 
Estradiol0.075 Mg/24Hr(2/Wk) Patch,$32.22 
Estring 7.5Mcg/24Hr 2Mg Vaginal Ring - 1Ct,$541.39 
Estrogel 0.06% Gel(50G),$162.63 
Eszopiclone 1 Mg Tablet,$0.12 
Eszopiclone 2 Mg Tablet,$0.06 
Eszopiclone 3 Mg Tablet,$0.07 
Ethambutol Hcl Tablet 100 Mg,$0.24 
Ethosuximide 250 Mg Capsule,$0.42 
Etodolac 500Mg Tablets,$0.26 
Eucrisa 2% Ointment,$787.24 
Euflexxa 3 X 2Ml Syringes 20 Mg/2 Ml,"$1,086.76 "
Euthyrox 100 Mcg Tablet (30Ct),$5.22 
Euthyrox 112 Mcg Tablet (30Ct),$5.76 
Euthyrox 125Mcg Unit Dose Tablet- 30Ct Blister Pack,$6.24 
Euthyrox 150Mcg Unit Dose Tablet- 30Ct Blister Pack,$6.36 
Euthyrox 25Mcg Unit Dose Tablet- 30Ct Blister Pack,$5.53 
Euthyrox 50 Mcg Tablet (30Ct),$5.50 
Euthyrox 75 Mcg Tablet (30Ct),$5.84 
Euthyrox 88 Mcg Tablet (30Ct),$5.13 
Exemestane 25 Mg Tablet,$0.32 
Ezetimibe 10 Mg Tablet,$0.06 
Ezetimibe-Simvastatin 10-10 Mg,$0.12 
Ezetimibe-Simvastatin 10-20 Mg,$0.11 
Ezetimibe-Simvastatin 10-40Mg Tablets,$0.13 
Famciclovir 250Mg Tablets,$0.42 
Famciclovir 500 Mg Tablet,$0.57 
Famotidine 20 Mg Tablet,$0.02 
Famotidine 40 Mg Tablet,$0.03 
"Farxiga 10Mg Tablets, 30 Count Bottle",$595.05 
Febuxostat 40 Mg Tablet,$0.11 
Febuxostat 80 Mg Tablet,$0.21 
Felodipine Er 10Mg Tablets,$0.10 
Felodipine Er 2.5Mg Tablet,$0.10 
Felodipine Er 5Mg Tab,$0.11 
Femring 0.05Mg/24Hr Vaginal Ring - 1Ct,$755.39 
Fenofibrate 134 Mg Capsule,$0.08 
Fenofibrate 145 Mg Tablet,$0.08 
Fenofibrate 160 Mg Tablet,$0.05 
Fenofibrate 200 Mg Capsule,$0.10 
Fenofibrate 43 Mg Capsule,$0.59 
Fenofibrate 48 Mg Tablet,$0.06 
Fenofibrate 54 Mg Tablets,$0.04 
Ferrex 150 Forte Plus Capsules 90Ct,$79.71 
Ferrous Sulfate Dr 325 Mg Tablet,$7.17 
Fesoterodine Er 4 Mg Tab,$0.83 
Fesoterodine Er 8 Mg Tablet,$0.56 
Fesoterodine Fumarate 8Mg Er Tablet,$0.53 
Fiasp 100U/Ml Insulin- 10Ml Vial,$294.72 
Finasteride 1Mg Tablets,$0.03 
Finasteride 5Mg Tablets,$0.17 
Fingolimod 0.5Mg Capsule,$7.99 
Fingolimod Capsule 0.5 Mg,$6.07 
Flavoxate 100Mg Tablets,$0.55 
Flecainide Acetate 100 Mg Tab,$0.11 
Flecainide Acetate 50 Mg Tab,$0.09 
Flector 1.3% Adhesive Patches - Box Of 30,$329.33 
Fluconazole 100 Mg Tablet,$0.11 
Fluconazole 150 Mg Tablet,$0.38 
Fluconazole 200 Mg Tablet,$0.20 
Fludrocortisone 0.1 Mg Tablet,$0.21 
Flunisolide 0.025% Spray,$44.07 
Fluocinolone Acetonide .025% Cream (15 G Tube),$32.17 
Fluocinolone Acetonide 0.01% Solution - 60 Ml Bottle,$16.28 
Fluocinolone Acetonide 0.01% Topical Body Oil - 118Ml Bottle,$17.27 
Fluocinolone Acetonide 0.025% Ointment (60 G Tube),$25.52 
Fluocinolone Oil 0.01% Ear Drp,$42.16 
Fluocinonide 0.05% Cream,$17.59 
Fluocinonide 0.05% Gel - 15G Tube,$10.36 
Fluocinonide 0.05% Soln (60Ml),$6.72 
Fluocinonide 0.1% Cream (30G),$6.16 
Fluocinonide 0.1% Cream 60Gm Tube,$12.14 
Fluocinonide External Cream 0.05 %,$7.71 
Fluorouracil 2% Topical Soln(10Ml),$42.47 
Fluorouracil 5% Cream (40G),$15.31 
Fluoxetine 20 Mg/5 Ml Soln,$26.55 
Fluoxetine Dr 90 Mg Cap (4Ct),$109.56 
Fluoxetine Hcl 10 Mg Caps(Dp),$0.06 
Fluoxetine Hcl 10 Mg Tab,$0.27 
Fluoxetine Hcl 20 Mg Capsule,$0.06 
Fluoxetine Hcl 40 Mg Capsule,$0.05 
Fluoxetine Hcl 60 Mg Tablet,$0.25 
Fluoxetine Hcl Oral Solution 20 Mg/5Ml,$16.21 
Flurandrenolide 0.05% Lotion - 120Ml,$215.91 
Flurbiprofen 100Mg Tablets,$4.28 
Fluticasone 0.05% Cream (30G Tube),$7.43 
Fluticasone 0.05% Cream (60G Tube),$19.14 
Fluticasone Furoate- Vilanterol 100-25Mcg Inhaler- 60 Doses,$233.57 
Fluticasone Furoate-Vilanterol 200-25Mcg Inhaler- 60 Doses,$233.57 
Fluticasone Hfa 110Mcg Inh (12G),$166.62 
Fluticasone Prop 0.005% Oint(30G),$13.74 
Fluticasone Prop 0.05% Cream,$21.34 
Fluticasone Prop 0.05% Cream(15G),$4.02 
Fluticasone Prop 50 Mcg Spray,$5.17 
Fluticasone Prop 50 Mcg Spray (16G),$7.04 
Fluticasone Prop Hfa 44 Mcg Inh (10.6G),$124.45 
Fluticasone Propionate 0.005% Ointment (60G Tube),$15.62 
Fluticasone Propionate 220Mcg Inhaler- 12G,$247.77 
Fluticasone-Salmet 100-50 (60Ct),$60.79 
Fluticasone-Salmet 500-50 (60Ct),$150.29 
Fluticasone-Salmeterol 100-50 (60),$51.40 
Fluticasone-Salmeterol 113-14,$108.10 
Fluticasone-Salmeterol 230-21,$324.72 
Fluticasone-Salmeterol 232-14,$108.10 
Fluticasone-Salmeterol 250-50,$66.92 
Fluvoxamine 100Mg Tablets,$0.19 
Fluvoxamine 50 Mg Tab,$0.17 
Fluvoxamine Maleate Oral Tablet 100 Mg,$0.54 
Folbee Plus Tablets,$0.58 
Folbic Tablet,$0.30 
Folic Acid 1 Mg Tablet,$0.03 
Foltx Tablet,$2.47 
Fosinopril Sodium 20 Mg Tab,$0.21 
Fosinopril Sodium 40Mg Tablets,$0.17 
Freestyle Libre 14 Day Sensor,$71.12 
Freestyle Libre 2 Reader,$73.14 
Freestyle Libre 2 Sensor Kit - Carton Of One- Prescription Required,$71.12 
Freestyle Libre 3 Plus Sensor Kit,$81.18 
Freestyle Libre 3 Reader Kit,$73.14 
Freestyle Libre 3 Sensor,$71.12 
Frovatriptan Succ 2.5 Mg Tab,$18.14 
Furosemide 10 Mg/Ml Solution(60Ml),$5.64 
Furosemide 20 Mg Tablet,$0.08 
Furosemide 40 Mg Tablet,$0.06 
Furosemide Oral Tablet 80 Mg,$0.05 
Gabapentin 100 Mg Capsule,$0.03 
Gabapentin 300 Mg Capsule,$0.04 
Gabapentin 400 Mg Capsule,$0.12 
Gabapentin 800Mg Tab,$0.09 
Galantamine 12Mg Tablets,$0.25 
Galantamine Hbr 4 Mg Tablet,$0.11 
Galantamine Hydrobromide Er 8Mg Capsules,$0.52 
Gemfibrozil 600 Mg Tablet,$0.09 
Gentamicin 0.1% Topical Cream (30G Tube),$15.66 
Gentamicin 0.1% Topical Ointment (15G Tube),$14.48 
Gentamicin 0.1% Topical Ointment (30G Tube),$15.83 
Gentamicin 0.3% Eye Drop (5Ml),$3.20 
Glatiramer 40 Mg/Ml Syringe,"$1,200.12 "
Glimepiride 1Mg Tablets,$0.02 
Glimepiride 2 Mg Tablet,$0.02 
Glimepiride 4 Mg Tablet,$0.03 
Glipizide 10Mg Tablets,$0.03 
Glipizide 5Mg Tablets,$0.04 
Glipizide Er 10Mg Tablets,$0.09 
Glipizide Er 2.5 Mg Tablet,$0.10 
Glipizide Er 5 Mg Tablet,$0.06 
Glipizide-Metformin 5-500 Mg,$0.22 
Glucagon 1Mg/1Ml Emergency Kit,$157.35 
Glyburide 5 Mg Tablet (D),$0.22 
Glyburide 5 Mg Tablet (M),$0.02 
Glyburide 5 Mg/Metformin 500 Mg Tablets,$0.28 
Glyburide Micro 6 Mg Tablet,$0.14 
Glycopyrrolate 1 Mg Tablet,$0.13 
Glycopyrrolate 2 Mg Tablet,$0.16 
Glydo 2% Jelly Syringe (60Ml),$52.08 
Glydo Lidocaine 2% Jelly - 10X11Ml Syringes,$60.01 
Golytely Oral Solution Powder,$26.54 
Guaifen-Codeine 100-10 Mg/5 Ml(118Ml),$7.24 
Guaifen-Codeine 100-10 Mg/5Ml Soln,$11.07 
Guaifenesin 100Mg/Codeine 10Mg/5Ml Solution - 120Ml,$6.28 
Guanfacine 1 Mg Tablet,$0.45 
Guanfacine 2Mg Tablets,$0.48 
Guanfacine Er 1Mg Tablets,$0.14 
Guanfacine Er 4 Mg Tablet,$0.17 
Guanfacine Hcl Er 2 Mg Tablet,$0.14 
Guanfacine Hcl Er 3 Mg Tablet,$0.15 
Hailey 24 Fe 1 Mg-20 Mcg Tab,$3.34 
Halobetasol Prop 0.05% Ointmnt,$14.67 
Heather 0.35 Mg Tablet,$5.24 
Humalog Insulin 100U/Ml -10Ml Vial,$67.80 
Humalog Insulin 100U/Ml Kwikpen - 3X5Ml Prefilled Pens,$162.95 
Hydralazine 10 Mg Tablet,$0.03 
Hydralazine 100 Mg Tablet,$0.07 
Hydralazine 25Mg Tablets,$0.03 
Hydralazine 50 Mg Tablet,$0.03 
Hydroc-Acetic 10 Ml 1 -2% Sol,$70.11 
Hydrochlorothiazide 12.5 Mg Cp,$0.02 
Hydrochlorothiazide 12.5 Mg Tb,$0.03 
Hydrochlorothiazide 25 Mg Tab,$0.02 
Hydrochlorothiazide 50 Mg Tab,$0.03 
Hydrocortison 24 25 Mg Sup,$28.60 
Hydrocortisone 10 Mg Tablet,$0.43 
Hydrocortisone 2.5% Cream (20G),$2.73 
Hydrocortisone 2.5% Cream(30G),$3.48 
Hydrocortisone 2.5% Crm (454G),$58.58 
Hydrocortisone 2.5% Ointment (20G),$2.93 
Hydrocortisone 2.5% Ointment (28.35Gm),$3.35 
Hydrocortisone 5 Mg Tablet,$0.40 
Hydrocortisone Ac 25 Mg Supp (12Ct),$9.08 
Hydrocortisone Butyrate 0.1% Cream- 15G,$25.91 
Hydrocortisone Butyrate 0.1% Cream- 45G,$68.42 
Hydrocortisone Enema 100Mg/60Ml (7 Enema Box),$93.33 
Hydrocortisone Valerate 0.2% Cream - 15 G Tube,$7.02 
Hydrocortisone Valerate 0.2% Ointment- 60G,$79.84 
Hydrocortisone-Iodoquinol Crm,$52.50 
Hydroquinone 4% Cream,$16.63 
Hydroxychloroquine 200 Mg Tab,$0.09 
Hydroxyurea 500 Mg Capsule,$0.23 
Hydroxyzine Hcl 25 Mg Tablet,$0.03 
Hydroxyzine Hcl 50 Mg Tablet,$0.06 
Hydroxyzine Hcl Oral Tablet 10 Mg,$0.02 
Hydroxyzine Hcl Oral Tablet 25 Mg,$0.02 
Hydroxyzine Pamoate 25Mg Capsules,$0.08 
Hydroxyzine Pamoate 50Mg Capsules,$0.08 
Hyoscyamine 0.125 Mg Odt,$0.20 
Hyoscyamine Er 0.375 Mg Tab,$0.35 
Hyoscyamine Sulf 0.125 Mg Tab,$0.10 
Hyosyne 0.125Mcg/5Ml Elixir 473Ml Bottle,$27.05 
Ibandronate Sodium 150 Mg Tab,$12.84 
Ibandronate Sodium 150 Mg Tab - 3 Tab Pk,$6.22 
Ibuprofen 600 Mg Tablet,$0.09 
Ibuprofen 800Mg,$0.05 
Ibuprofen Oral Tablet 400 Mg,$0.04 
Icosapent Ethyl 1 Gram Capsule,$1.13 
Imatinib Mesylate 100 Mg Tab,$0.39 
Imatinib Mesylate 400 Mg Tab,$2.58 
Imipramine Hcl 50Mg Tablets,$0.06 
Imiquimod 3.75% Cream- 7.5G Pump,$324.17 
Imiquimod 5% Cream Packet (24),$17.29 
Imiquimod 5% Cream Packet (3Ct),$2.49 
Incurin (K-9) 1Mg Tablet (Dp),$0.94 
Indapamide 1.25Mg Tablets,$0.16 
Indapamide 2.5 Mg Tablet,$0.11 
Indomethacin 25Mg Capsules,$0.12 
Indomethacin 50 Mg Capsule,$0.19 
Indomethacin Er 75 Mg Capsule,$0.14 
Inspire Sleep Remote 2580R,$208.95 
Insulin Aspart 100U/10Ml (Novolog) Multi Dose Vial,$75.96 
Insulin Aspart Flexpen 100U/Ml - 5X3Ml (Novolog Flexpen),$146.70 
Insulin Glargine-Yfgn 100U/Ml Insulin 3Ml Pen - Box Of 5 Pens,$94.18 
Insulin Glargine-Yfgn U100 Vl,$98.99 
Insulin Lispro (Humalog) 100U/Ml- 10Ml Vial,$26.75 
"Insulin Lispro Kwikpen (Humalog) 100U/Ml, 3Ml Pen- Box Of 5 Pens",$167.08 
Intrarosa Vaginal Insert 6.5 Mg,$299.48 
Iprat-Albut 0.5-3(2.5) Mg/3 Ml(90Ml),$10.50 
Ipratropium 0.06% Spray(15Ml),$10.83 
Ipratropium Br 0.02% Soln (75Ml),$8.58 
Ipratropium Bromide 0.02% Inhalation Solution -Pack Of 30 X 2.5Ml Vials,$8.58 
Ipratropium Bromide 0.03% Nasal Spray - 30 Ml Bottle,$10.83 
Irbesartan 150 Mg Tablet,$0.11 
Irbesartan 300 Mg Tablet,$0.14 
Irbesartan 75Mg Tablets,$0.07 
Irbesartan-Hctz 150-12.5 Mg Tb,$0.10 
Irbesartan-Hctz 300-12.5 Mg Tb,$0.14 
Isibloom 28 Day Tablet,$3.59 
Isosorbide 10 Mg Tab,$0.20 
Isosorbide Dinitrate 20 Mg Tablets,$0.33 
Isosorbide Mononit Er 120 Mg,$0.15 
Isosorbide Mononit Er 30 Mg Tb,$0.07 
Isosorbide Mononitrate Er 24Hr 60Mg Tab,$0.09 
Itraconazole 100 Mg Capsule,$0.47 
Ivabradine 5Mg Tablet,$2.79 
Ivermectin 1 % Cream,$94.53 
Ivermectin 3 Mg Tablet,$4.11 
Jardiance 10 Mg Tablet,$22.68 
Jinteli 1 Mg-5 Mcg Tablet,$66.94 
Jublia 10% Top Solution (4Ml),$760.37 
Junel 1 Mg-20 Mcg Tablet,$9.27 
Junel 1.5/30Mcg,$27.66 
Junel Fe 1 Mg-20 Mcg Tablet,$3.81 
Junel Fe 1.5 Mg-30 Mcg Tablet,$4.46 
Junel Fe 24 Tablet,$13.32 
Kelnor 1-35 28 Tablet,$8.99 
Kenalog-10 50 Mg/5 Ml Vial,$13.47 
Ketoconazole 2% Cream - 15G Tube,$2.64 
Ketoconazole 2% Cream (30G),$4.11 
Ketoconazole 2% Cream (60Gm),$15.45 
Ketoconazole 2% Shampoo (120Ml),$11.94 
Ketoconazole 200 Mg Tablet,$0.43 
Ketoprofen Cr 200Mg Capsules,$8.68 
Ketorolac 0.4% Tromethamine Ophth Solution (5Ml Bottle),$63.70 
Ketorolac 0.5% Ophth Soln(10Ml),$11.10 
Ketorolac 0.5% Ophth Soln(5Ml),$9.54 
Ketorolac 10 Mg Tablet,$0.49 
Ketorolac 30Mg/Ml - 1Ml Vial,$0.69 
Ketorolac 60 Mg/2 Ml Vial,$1.89 
Kristalose 10 Gm Packet (30Ct),$235.52 
Kristalose 20 Gm Packet (30Ct),$243.84 
Kurvelo Oral Tablet 0.15-30 Mg-Mcg,$6.28 
Kyzatrex 100Mg Capsule-120Ct Bottle,$115.50 
Kyzatrex 150Mg Capsule,$1.23 
Kyzatrex 200Mg Capsule,$0.94 
Kyzatrex 200Mg Tablet- 120Ct Bottle,$115.50 
L-Methylfolate 7.5 Mg Tablet,$1.69 
Labetalol Hcl 100 Mg Tablet,$0.09 
Labetalol Hcl 300 Mg Tablet,$0.16 
Labetalol Hcl Oral Tablet 200 Mg,$0.12 
Lacosamide 100 Mg Tablet,$0.86 
Lacosamide 150 Mg Tablet,$0.33 
Lacosamide 200 Mg Tablet,$0.36 
Lactulose 10Mg/15Ml 237Ml,$8.99 
Lactulose Solution (10G/15Ml) - 16Oz Bottle,$16.01 
Lamivudine 300 Mg Tablet,$1.06 
Lamotrigine 100 Mg Tablet,$0.10 
Lamotrigine 150 Mg Tablet,$0.08 
Lamotrigine 200 Mg Tablet,$0.09 
Lamotrigine 25 Mg Tablet,$0.02 
Lamotrigine 25Mg Tablets,$0.02 
Lamotrigine Er 100 Mg Tablet,$0.17 
Lamotrigine Er 200 Mg Tablet,$0.22 
Lamotrigine Er 25 Mg Tablets,$0.13 
Lamotrigine Er 300 Mg Tablet,$0.61 
Lamotrigine Er 50 Mg Tablets,$0.21 
Lansoprazole Dr 15 Mg Capsule,$0.12 
Lansoprazole Dr 30 Mg Capsule,$0.09 
Lantus Solostar 100 Units/Ml,$98.70 
Lasix 20 Mg Tablet,$1.08 
Latanoprost 0.005% Eye Drops(2.5Ml),$3.06 
Latisse 0.03% External Ophthalmic Solution - 3Ml Bottle,$132.32 
Leflunomide 10 Mg Tablet,$0.10 
Leflunomide 20 Mg Tablet,$0.13 
Lessina-28 Tablet,$8.90 
Letrozole 2.5 Mg Tablet,$0.11 
Leucovorin 10Mg Tablets,$2.44 
Leucovorin 15Mg Tablets,$2.44 
Leucovorin 5Mg Tablets,$0.36 
Leuprolide 2Wk 14 Mg/2.8 Ml Kt,$261.98 
Leuprolide Acetate 1Mg/0.2Ml 14 Day Kit- 2.8Ml Vial,$189.04 
Leuprolide Acetate Kit 1Mg/.2Ml Inj 1,$133.47 
Levalbuterol 0.63 Mg/3 Ml Sol (75Ml),$15.35 
Levalbuterol 1.25 Mg/3 Ml Sol(75Ml),$13.60 
Levalbuterol Tar Hfa 45 Mcg Inh (15G),$58.59 
Levemir 100 Un/Ml Mdv 10 Ml,$110.99 
Levemir Flexpen 100 Unit/Ml,$166.47 
"Levetiracetam 1,000 Mg Tablet",$0.11 
Levetiracetam 250 Mg Tablet,$0.04 
Levetiracetam 500 Mg Tablets,$0.05 
Levetiracetam 750Mg Tablets,$0.06 
Levetiracetam Er 500 Mg Tablet,$0.11 
Levetiracetam Er 750 Mg Tablet,$0.18 
Levocetirizine 5 Mg Tablet,$0.04 
Levofloxacin Oral Tablet 750 Mg,$0.20 
Levon-Eth Estr 0.15-0.03 Mg Tab,$8.28 
Levonor-E Estrad 0.1-0.02-0.01,$35.41 
Levonorg-Eth Estrad 0.15 - 0.03Mg - 28 Tablet Pack,$6.49 
Levora-28 Tablet,$13.52 
"Levothyroxine (Synthroid, Levoxyl) 150Mcg Tablets",$0.03 
"Levothyroxine (Synthroid, Levoxyl) 175Mcg Tablets",$0.02 
"Levothyroxine (Synthroid, Levoxyl) 200Mcg Tablets",$0.03 
Levothyroxine 100 Mcg Tablet,$0.02 
Levothyroxine 112 Mcg Tablet,$0.02 
Levothyroxine 125 Mcg Tablet,$0.04 
Levothyroxine 137 Mcg Tablet,$0.02 
Levothyroxine 150 Mcg Tablet,$0.03 
Levothyroxine 175 Mcg Tablet,$0.02 
Levothyroxine 200 Mcg Tablet,$0.03 
Levothyroxine 25 Mcg Tablet,$0.02 
Levothyroxine 50 Mcg Tablet,$0.02 
Levothyroxine 75 Mcg Tablet,$0.04 
Levothyroxine 88 Mcg Tablet,$0.02 
Levothyroxine Sodium 75Mcg Capsules- 30Ct Blister Pack,$94.75 
Levothyroxine Sodium 88Mcg Tablet,$0.02 
Levoxyl 50 Mcg Tablets,$1.17 
Levoxyl 75Mcg Tablets,$1.29 
Lialda Dr 1.2 Gm Tablet (120Ct),"$1,128.34 "
Lidocaine 2% Viscous Soln,$6.69 
Lidocaine 4% Top Sol 50Ml,$10.78 
Lidocaine 5% Ointment (50G) (Jar),$9.90 
Lidocaine 5% Ointment- 30G Tube,$7.43 
"Lidocaine 5% Ointment, 50 G Tube",$5.97 
Lidocaine 5% Patch,$1.95 
Lidocaine Hcl 4% Solution (50Ml),$11.88 
Lidocaine Oint 5 % (Tube),$12.41 
Lidocaine Viscous Hcl 2 % Soln,$10.96 
Lidocaine-Prilocaine Cream (30G),$9.81 
Linezolid 600 Mg Tablet,$1.20 
Liothyronine 25Mcg Tablets,$0.19 
Liothyronine 50Mcg Tablets,$0.37 
Liothyronine Sod 5 Mcg Tab,$0.17 
Liraglutide 18Mg/3Ml Injection Pen (2 Pen Pack),$244.31 
Liraglutide 18Mg/3Ml Injection Pen (3 Pen Pack),$515.31 
Lisinopril 10 Mg Tablet,$0.03 
Lisinopril 2.5 Mg Tablet,$0.02 
Lisinopril 20 Mg Tablet,$0.04 
Lisinopril 30 Mg Tablet,$0.04 
Lisinopril 40 Mg Tablet,$0.02 
Lisinopril 5 Mg Tablet,$0.04 
Lisinopril-Hctz 10-12.5 Mg Tab,$0.05 
Lisinopril-Hctz 20-12.5Mg Tab,$0.03 
Lisinopril-Hctz 20-25 Mg Tab,$0.03 
Lithium Carbonate 150Mg Capsules,$0.11 
Lithium Carbonate 300 Mg Cap,$0.11 
Lithium Carbonate 300 Mg Tab,$0.27 
Lithium Carbonate 600 Mg Cap,$0.26 
Lithium Carbonate Er 300 Mg Tb,$0.20 
Lithostat 250Mg Tablets,$8.67 
Loperamide 2Mg Capsules,$0.51 
Loratadine-D 12 Hour Tablet (20Ct),$17.91 
Loratadine-Pse 24Hr Tablet (15Ct),$6.10 
Lorazepam 0.5 Mg Tablet,$0.04 
Lorazepam 1 Mg Tablet,$0.03 
Lorazepam 2 Mg Tablet,$0.08 
Loryna 3 Mg-0.02 Mg Tablet,$5.92 
Losartan Potassium 100 Mg Tab,$0.14 
Losartan Potassium 25 Mg Tab,$0.02 
Losartan Potassium 50 Mg Tab,$0.03 
Losartan-Hctz 100-12.5 Mg Tab,$0.06 
Losartan-Hctz 100-25 Mg Tab,$0.06 
Losartan-Hctz 50-12.5 Mg Tab,$0.04 
Lotrel 5-20 Mg Capsule,$14.33 
Lovastatin 10Mg Tablets,$0.03 
Lovastatin 20 Mg Tablet,$0.04 
Lovastatin 40 Mg Tablet,$0.04 
Low-Ogestrel 0.3-0.03Mg Tablets - 28 Tablet Pack,$7.34 
Loxapine 10 Mg Capsule,$0.31 
Loxapine 25Mg Capsules,$0.45 
Lubiprostone 24Mcg Gel Capsule,$0.63 
Lubiprostone 8Mcg Gel Capsule,$0.62 
Luliconazole 1% Cream (60G),$193.62 
Lunesta 2Mg Tablets,$38.76 
Lurasidone (Generic Latuda) 120Mg Tablet,$0.39 
Lurasidone (Generic Latuda) 80Mg Tablet,$0.31 
Lurasidone 20 Mg Tablet,$0.12 
Lurasidone Hcl 40 Mg Tablet,$0.19 
Lurasidone Hcl 60 Mg Tablet,$0.25 
Lutera 0.1-0.02Mg Tablets - 28 Tablet Pack,$24.29 
Maxalt Mlt 10Mg Orally Disintegrating Tablets,$44.65 
Meclizine 25 Mg Tablet,$0.05 
Medrol 4Mg Tablets,$0.42 
Medroxyproges 1 Ml 150 Mg Sdv,$12.49 
Medroxyprogesterone 10 Mg Tab,$0.12 
Medroxyprogesterone 150Mg/Ml Single Dose Vial - 1X1Ml,$12.49 
Medroxyprogesterone 2.5 Mg Tab,$0.11 
Medroxyprogesterone 5Mg Tablets,$0.12 
Medroxyprogesterone Pfs 150 Mg/Ml,$17.29 
Megestrol 40 Mg Tablet,$0.25 
Megestrol 625 Mg/5 Ml Susp (150Ml),$151.79 
Megestrol Acetate 40 Mg/Ml Susp,$34.23 
Meloxicam 15Mg Tablets,$0.04 
Meloxicam 7.5 Mg Tablet,$0.02 
Meloxidyl 1.5Mg/Ml Susp (100Ml),$53.51 
Meloxidyl 1.5Mg/Ml Suspen (10Ml),$13.90 
Memantine 49 Tablet Titration Pack - (28X5Mg - 21X10Mg),$21.83 
Memantine Hcl 10 Mg Tablet,$0.03 
Memantine Hcl 5 Mg Tablet,$0.03 
Memantine Hcl Er 14Mg Capsules,$0.21 
Memantine Hcl Er 21 Mg Capsule,$0.30 
Memantine Hcl Er 28Mg Capsules,$0.07 
Memantine Hcl Er 7 Mg Capsule,$0.25 
Mercaptopurine 50 Mg Tablet,$1.32 
"Mesalamine 1,000 Mg Supp (30Ct)",$31.21 
Mesalamine 4G/60Ml Rectal Suspension (28 Enema Box),$314.68 
Mesalamine Cp 0.375Gm Capsules,$0.37 
Mesalamine Dr 1.2Gm Tablet,$1.03 
Metaxalone 800 Mg Tablet,$0.34 
Metformin 1000Mg Tablets,$0.03 
Metformin 500Mg Tablets,$0.02 
Metformin 850 Mg Tablets,$0.03 
Metformin Er 1000 Mg Tablets,$0.68 
Metformin Er 500 Osmotic Tab (Generic Fortamet),$0.15 
Metformin Hcl 500 Mg Tablet,$0.03 
Metformin Hcl Er 500 Mg Tablet,$0.03 
Metformin Hcl Er 750 Mg Tablet,$0.05 
Methazolamide 25 Mg Tablets,$1.68 
Methenamine Hip 1Gm Tablets,$0.31 
Methenamine Mandelate 1000Mg Tablets,$2.71 
Methimazole 10Mg Tablets,$0.18 
Methimazole 5 Mg Tablet,$0.20 
Methocarbamol 500 Mg Tablet,$0.17 
Methocarbamol 750Mg Tab,$0.05 
Methotrexate 2.5 Mg Tab,$0.16 
Methotrexate 50Mg/2Ml Vial (2Ml) Preservative Free,$4.87 
Methylprednisolone 16Mg Tablet,$1.04 
Methylprednisolone 4 Mg Dosepk,$1.95 
Methylprednisolone 40 Mg/Ml Vl,$11.78 
Metoclopramide 10 Mg Tablet,$0.05 
Metoclopramide 5 Mg Tablet,$0.05 
Metoclopramide 5 Mg/5 Ml Soln (473Ml),$11.39 
Metoprolol Succ Er 200 Mg Tab,$0.08 
Metoprolol Succ Er 25 Mg Tab,$0.03 
Metoprolol Succ Er 50 Mg Tablet,$0.05 
Metoprolol Succinate Er 100 Mg Tablets,$0.07 
Metoprolol Tartrate 100 Mg Tab,$0.04 
Metoprolol Tartrate 25 Mg Tab,$0.03 
Metoprolol Tartrate 50 Mg Tab,$0.05 
Metronidazole 0.75% Cream (45G),$9.60 
Metronidazole 0.75% Lotion(59Ml),$83.10 
Metronidazole 1% Gel Pump (55G),$25.74 
Metronidazole 1% Topical Gel - 60 G Tube,$22.86 
Metronidazole 250 Mg Tablet,$0.05 
Metronidazole 500 Mg Tablet,$0.06 
Metronidazole Topical .75% Cre Wh 45Gm,$6.33 
Metronidazole Topical 0.75% Gl(45G),$6.53 
Metronidazole Vaginal 0.75% Gel (70Gm),$19.87 
Mexiletine Hcl 150Mg Cap,$0.31 
Mexiletine Hcl 200 Mg Capsule,$0.30 
Mexiletine Hcl Oral Capsule 250 Mg,$0.50 
Microgestin 21 1-20 Tablet - 21,$11.18 
Microgestin Fe 1-20 Tablet - 28,$10.83 
Midodrine Hcl 2.5Mg Tab,$0.06 
Midodrine Hcl 5 Mg Tablet,$0.29 
Midodrine Hcl Oral Tablet 10 Mg,$0.15 
Mili (Norgestimate-Ethinyl Estradiol) 0.25-0.035Mg Tablets- 28 Tablet Pack,$14.39 
Minocycline 100 Mg Capsule,$0.29 
Minocycline 50 Mg Capsule,$0.38 
Minocycline Er 45Mg Tablets,$1.10 
Minoxidil 10Mg Tablets,$0.06 
Minoxidil 2.5 Mg Tablet,$0.14 
Mirabegron 50Mg Er Tablet,$8.20 
Mirtazapine 15 Mg Tablet,$0.04 
Mirtazapine 30 Mg Tablet,$0.08 
Mirtazapine 45 Mg Tablet,$0.07 
Mirtazapine 7.5 Mg Tablet,$0.46 
Misoprostol 200 Mcg Tablet,$0.59 
Modafinil 100 Mg Tablet,$0.14 
Mometasone Furo 0.1% Soln (60Ml),$19.11 
Mometasone Furoate 0.1% Crm (15G),$3.74 
Mometasone Furoate 0.1% Crm (45G),$8.91 
Mometasone Furoate 0.1% Ointment - 15G Tube,$5.87 
Mometasone Furoate 0.1% Ointment - 45G Tube,$9.54 
Mometasone Furoate 0.1% Topical Solution - 30 Ml Bottle,$10.55 
Mometasone Furoate 50 Mcg Spry (17G),$22.91 
Montelukast 10 Mg Tablets,$0.04 
Montelukast Sod 10 Mg Tablet,$0.03 
Motazol Otic Suspension - 30Gm,$44.79 
Mounjaro 10 Mg/0.5 Ml Pen(2Ml),"$1,079.43 "
Mounjaro 12.5 Mg/0.5 Ml Pen(2Ml),"$1,079.43 "
Mounjaro 15 Mg/0.5 Ml Pen (2Ml),"$1,079.43 "
Mounjaro 2.5 Mg/0.5 Ml Pen(2Ml),"$1,079.47 "
Mounjaro 5 Mg/0.5 Ml Pen(2Ml),"$1,079.43 "
Mounjaro 7.5 Mg/0.5 Ml Pen (2Ml),"$1,079.43 "
Moxifloxacin 0.5% Eye Drops (3Ml),$10.11 
Moxifloxacin Hcl 400Mg Tablets,$0.91 
Mupirocin 2% Ointment (22G),$2.54 
Mycophenolate 250 Mg Capsule,$0.21 
Mycophenolate 500 Mg Tablet,$0.21 
Mycophenolate Mofetil 250Mg Capsules,$0.17 
Mycophenolic Acid 360Mg Tablets,$0.31 
Mycophenolic Acid Dr 180 Mg Tb,$0.20 
Nadolol 20 Mg Tablet,$0.09 
Nadolol 40 Mg Tablets,$0.57 
Nadolol 80 Mg Tablets,$0.30 
Naloxone Hcl 4 Mg Nasal Spray 2 X 0.1 Ml,$77.90 
Naltrexone 50 Mg Tablet,$1.25 
Naproxen 250Mg Tablets,$0.05 
Naproxen 500 Mg Tablet,$0.06 
Naproxen Sod 550Mg Tablets,$0.12 
Naratriptan Hcl 2.5 Mg Tablet (9Ct),$5.97 
Nebivolol 10 Mg Tablet,$0.15 
Nebivolol 2.5 Mg Tablet,$0.05 
Nebivolol 20 Mg Tablet,$0.24 
Nebivolol 5 Mg Tablet,$0.08 
Neomyc-Polym-Dexam Eye Drop(5Ml),$8.79 
Neomyc-Polym-Dexame Eye Oint (3.5G),$8.96 
"Neomycin 3.5Mg/Gm-Polymyxin B Sulfate 10000 Iu/Gm-Bacitracin Zinc 400 Iu/Gm Ophthalmic Ointment, 3.5Gm",$14.30 
Neomycin-Polymyxin B-Dexamethasone 0.1% Ophthalmic Suspension (5Ml Bottle),$8.79 
Neomycin-Polymyxin-Hydrocortisone 1% Otic (Ear) Solution (10 Ml Dropper),$61.66 
Nevanac 0.1% Ophthalmic Suspension Droptainer- 3Ml,$333.32 
Nevirapine Er 400Mg Tablets,$1.22 
"Niacin Er 1,000 Mg Tablet",$0.19 
Niacin Er 500 Mg Tablet,$0.13 
Nicotrol Ns 10Mg/Ml Spray (10Ml Bottle) - Pack Of 4,$538.12 
Nifedipine 10Mg Capsules,$0.28 
Nifedipine Er 30Mg Tablets,$0.11 
Nifedipine Er 60 Mg Tablet,$0.15 
Nifedipine Er 90 Mg Tablet,$0.26 
Nifedipine Xl 30 Mg Tablet,$0.08 
Nikki 3 Mg-0.02 Mg Tablet,$5.71 
Nitro-Bid 2% Ointment (30G),$41.18 
Nitrofurantoin Macro 100Mg Capsules,$0.20 
Nitrofurantoin Mcr 50 Mg Cap,$0.13 
Nitrofurantoin Mono-Mcr 100 Mg,$0.24 
Nitroglycerin 0.2Mg/Hr Patch (30 Patches),$17.12 
Nitroglycerin 0.4 Mg Tab Sl (25Ct),$6.22 
Nitroglycerin 0.4 Mg Tab Sl(100Ct),$6.50 
Nitroglycerin 0.4Mg/Hr Patch (30 Patches),$20.61 
Nora-Be Oral Tablet 0.35 Mg,$12.45 
Nora-Be Tablet,$17.64 
Norethind-Eth Estrad 0.5-2.5,$44.44 
Norethindrone 0.35 Mg Tablet,$2.75 
Norethindrone 5Mg Tablets,$0.21 
Norgestimate Ethinyl Estradiol 0.25-0.035Mg Tablets- 28 Tab Pack,$2.50 
Nortrel 0.5/35 (28 Tablet Pack),$13.64 
Nortrel 1-35 28 Tablet,$7.10 
Nortrel 7-7-7-28 Tablet,$6.28 
Nortrel-1-35 (21 Tablet Pack),$9.81 
Nortriptyline 10 Mg Cap,$0.07 
Nortriptyline 25,$0.08 
Nortriptyline 50Mg Capsules,$0.08 
Norvasc 10 Mg Tablet,$13.09 
Norvasc 2.5 Mg Tablet,$9.97 
Norvasc 2.5Mg Tablets,$10.17 
"Novarel 5,000 Unit Vial",$167.02 
Novolog 100 Unit/Ml Vial,$74.09 
Novolog Flexpen 100U/Ml Syringe - 5X3Ml Syringes/Box,$143.08 
Noxafil 200Mg-5Ml 105Ml Suspension (105 Ml),"$1,428.33 "
Np Thyroid 120 Mg Tablet,$1.56 
Np Thyroid 15 Mg Tablet,$0.73 
Np Thyroid 60 Mg Tablet,$0.92 
Np Thyroid 90Mg Tablet,$1.39 
Nurtec 75Mg Odt- 8 Tablet Pack,$991.24 
Nuvaring 0.120-0.015 Mg Vaginal Ring,$166.56 
"Nystatin 100,000 U/G Powder (15G Bottle)",$7.20 
"Nystatin 100,000 U/G Powder (30G Bottle)",$7.13 
"Nystatin 100,000 U/G Powder (60G Bottle)",$8.48 
"Nystatin 100,000 Unit/Gm Cream (15)",$5.44 
"Nystatin 100,000 Unit/Gm Crm (30G)",$7.95 
"Nystatin 100,000 Unit/Gm Oint",$4.24 
"Nystatin 100,000 Unit/Gm Oint (15G)",$4.36 
"Nystatin 100,000 Unit/Ml Susp(60Ml)",$14.43 
"Nystatin-Triamcinolone 100,000U-0.1% Cream (60G Tube)",$10.44 
"Nystatin-Triamcinolone 100,000U-0.1% Ointment - 30G Tube",$6.28 
"Nystatin-Triamcinolone 100,000U-0.1% Ointment (15G Tube)",$3.37 
Nystatin-Triamcinolone Cream (15G),$4.89 
Ocella 28 Tablet Pack,$57.64 
Ofloxacin 0.3% Ophthalmic Solution (5Ml Bottle),$8.37 
Olanzapine 10 Mg Tablets,$0.08 
Olanzapine 15 Mg Tablet,$0.08 
Olanzapine 2.5 Mg Tablet,$0.08 
Olanzapine 20 Mg Tablet,$0.11 
Olanzapine 5 Mg Tablet,$0.11 
Olanzapine 7.5 Mg Tablet,$0.09 
Olanzapine Odt 20Mg Tablets,$0.87 
Olanzapine Odt 5 Mg Tablet,$0.20 
Olmesartan 5 Mg Tablet,$0.05 
Olmesartan Hctz 20-12.5 Mg Tab,$0.07 
Olmesartan Medoxomil 20 Mg Tab,$0.06 
Olmesartan Medoxomil 20Mg Tab,$0.07 
Olmesartan Medoxomil 40 Mg Tab,$0.10 
Olmesartan-Hctz 20-12.5 Mg Tab,$0.08 
Olmesartan-Hctz 40-12.5 Mg Tab,$0.12 
Olmesartan-Hctz 40-25 Mg Tab,$0.15 
Olmsrtn-Amldpn-Hctz 40-5-12.5Mg,$1.48 
Olopatadine Hcl 0.1% Soln (5Ml),$6.63 
Olopatadine Hcl 0.2% Eye Drop (2.5Ml),$7.04 
Olopatadine Hcl 665Mcg Nasal Spray- 30.5G,$18.19 
Omega-3 Ethyl Esters 1 Gm Cap,$0.23 
Omeprazole Dr 10 Mg Cap,$0.03 
Omeprazole Dr 20 Mg Cap,$0.03 
Omeprazole Dr 40 Mg Capsule,$0.26 
Ondansetron 4 Mg Tablets,$0.05 
Ondansetron 4 Mg/5 Ml Solution,$11.08 
Ondansetron 8 Mg Orally Dispersable Tablets (Odt) - Box Of 30,$3.06 
Ondansetron Hcl 4 Mg/2 Ml Vial(50Ml),$8.85 
Ondansetron Hcl 8 Mg Tablet,$0.04 
Ondansetron Odt 4 Mg Tablet (30Ct),$6.90 
"Onzetra Xsail 11Mg/Nosepiece, 16 Inhalations",$932.67 
Optichamber Diamond Spacer- Prescription Required,$9.86 
Orphenadrine Er 100 Mg Tablet,$0.56 
Oseltamivir 75Mg Capsules - Pack Of 10 Capsules,$14.81 
Oxazepam (Generic Serax) 10 Mg Capsules,$0.81 
Oxcarbazepine 150 Mg Tablet,$0.08 
Oxcarbazepine 300Mg Tablets,$0.11 
Oxcarbazepine 600 Mg Tablet,$0.21 
Oxybutynin 5 Mg Tablet,$0.03 
Oxybutynin Cl Er 15 Mg Tablet,$0.06 
Oxybutynin Cl Er 5 Mg Tablet,$0.11 
Oxybutynin Er 10 Mg Tablet,$0.05 
Oxymetazoline 0.05% Nasal Spry (1Oz Bottle),$2.49 
Ozempic (Semaglutide) 2Mg/0.75Ml (2.68Mg/Ml) - 1X3Ml Dose Pen,"$1,002.08 "
Ozempic 2Mg/3Ml (0.25/0.5Mg) Pen,"$1,002.08 "
Ozempic 4 Mg/3Ml(1 Mg/0.75Ml) Pen,"$1,002.08 "
Ozempic 8 Mg/3 Ml(2Mg/0.75Ml) Pen,"$1,002.08 "
Paliperidone Er 6 Mg Tablet,$0.73 
Pantoprazole Dr 20Mg Tabs,$0.04 
Pantoprazole Sod Dr 40 Mg Tab,$0.08 
Paricalcitol 1 Mcg Capsule,$0.85 
Paroxetine Cr 12.5 Mg Tablet,$0.27 
Paroxetine Er 25 Mg Tablet,$0.28 
Paroxetine Er 37.5 Mg Tablet,$0.34 
Paroxetine Hcl 10 Mg Tablet,$0.03 
Paroxetine Hcl 20 Mg Tablet,$0.40 
Paroxetine Hcl 30 Mg Tablet,$0.06 
Paroxetine Hcl 40 Mg Tablet,$0.10 
Penicillin Vk 250Mg/5Ml Suspension (100Ml Bottle),$10.70 
Pentoxifylline Er 400 Mg Tab,$0.62 
Peridex 0.12% Oral Rinse (118Ml),$6.15 
Peridex 0.12% Oral Rinse (473Ml),$10.59 
Permethrin 5% Cream (60G),$16.89 
Phenazopyridine 100Mg Tablets,$0.15 
Phenazopyridine 200 Mg Tablet,$0.17 
Phenelzine 15 Mg Tablets,$0.65 
Phenobarbital (Generic Luminal) 32.4 Mg (0.5 Grain) Tablets,$0.20 
Phenobarbital 100 Mg Tablet,$0.15 
Phenobarbital 15 Mg Tablet,$0.12 
Phenobarbital 30 Mg Tablet,$0.08 
Phenobarbital 64.8 Mg Tablet,$0.15 
Phenobarbital 97.2 Mg Tablet,$0.28 
Phentermine (Generic Adipex-P) 15Mg Capsule,$0.12 
Phentermine 37.5 Mg Capsule,$0.41 
Phentermine 37.5 Mg Tablet,$0.13 
Phenytoin Sod Ext 100 Mg Cap,$0.10 
Pilocarpine 1% Eye Drops (15Ml),$40.13 
Pilocarpine 2% Ophthalmic Solution (15Ml Bottle),$37.05 
Pilocarpine Hcl 5 Mg Tablet,$0.12 
Pilocarpine Hcl 7.5Mg Tablets,$0.55 
Pimecrolimus 1% Cream- 30G,$151.46 
Pimecrolimus 1% Cream- 60G,$113.23 
Pioglitazone Hcl 15 Mg Tablet,$0.04 
Pioglitazone Hcl 30 Mg Tablet,$0.06 
Pioglitazone Hcl 45 Mg Tablet,$0.12 
Pioglitazone-Metformin 15-500,$0.18 
Pirfenidone 267Mg Tablet,$2.40 
Piroxicam 10Mg Capsules,$0.11 
Pitavastatin (Livalo) 2 Mg Tab,$1.03 
Pitavastatin 1 Mg Tablet,$1.83 
Plaquenil 200Mg Tablets,$14.75 
Podofilox 0.5% Topical Soln,$37.84 
Polymyxin B-Tmp Eye Drops,$9.99 
Polymyxin B-Tmp Eye Drops (10Ml),$4.16 
Portia-28 Tablet,$3.92 
Potassium Chl Er 10 Meq,$0.07 
Potassium Chloride 10% (20Meq/15Ml) Solution (Orange Flavor) - 16Oz Bottle-473Ml,$11.70 
Potassium Chloride Er (K-Tab) 10Meq Tablets,$0.27 
Potassium Chloride Er 20Meq Tablets (K-Tab),$0.23 
Potassium Citrate Er 15 Meq Tb,$0.19 
Potassium Cl 10% (20 Meq/15 Ml) Liquid,$99.65 
Potassium Cl Er 10 Meq Tablet,$0.07 
Potassium Cl Er 10 Meq Tablet (K-Tab),$0.20 
Potassium Cl Er 20 Meq Tablet,$0.11 
Potassium Cl Er 8 Meq Capsule,$0.11 
Pradaxa 150 Mg Capsule (60Ct),$201.67 
Pramipexole 0.125 Mg Tablet,$0.08 
Pramipexole 0.25 Mg Tablets,$0.04 
Pramipexole 0.5 Mg Tablet,$0.04 
Pramipexole 0.75 Mg Tablet,$0.06 
Pramipexole 1 Mg Tablet,$0.06 
Pramipexole 1.5 Mg Tablet,$0.06 
Prasugrel 10 Mg Tablet,$6.98 
Pravastatin Sodium 10 Mg Tab,$0.07 
Pravastatin Sodium 20Mg,$0.07 
Pravastatin Sodium 40 Mg Tab,$0.09 
Pravastatin Sodium 80 Mg Tab,$0.13 
Prazosin 1 Mg Capsule,$0.06 
Prazosin Hcl 2Mg Capsules,$0.21 
Prazosin Hcl 5 Mg Capsule,$0.37 
Prednisolone 15 Mg/5Ml Solution,$22.61 
Prednisolone Acetate 1% Eye Drops (15Ml Bottle),$65.18 
Prednisolone Acetate 1% Eye Drops (5Ml Bottle),$21.73 
Prednisone 1 Mg Tablet,$0.06 
Prednisone 10 Mg Tablet,$0.04 
Prednisone 20 Mg Tablet,$0.09 
Prednisone 50 Mg Tablet,$0.26 
Prednisone 5Mg Tab,$0.04 
Prednisone Oral Tablet 2.5 Mg,$0.03 
Pregabalin 100 Mg Capsule,$0.05 
Pregabalin 150 Mg Capsule,$0.06 
Pregabalin 200 Mg Capsule,$0.09 
Pregabalin 225 Mg Capsule,$0.09 
Pregabalin 25 Mg Capsule,$0.03 
Pregabalin 300 Mg Capsule,$0.11 
Pregabalin 50 Mg Capsule,$0.22 
Pregabalin 75 Mg Capsule,$0.06 
Pregabalin Oral Solution (Generic Lyrica Oral Solution) 20Mg/Ml- 473Ml,$71.66 
"Pregnyl 10,000 Unit Vial",$183.51 
Premarin 0.3Mg Tablets,$8.18 
Premarin 0.625 Mg Tablet,$8.22 
Premarin 0.625Mg/G Vaginal Cream - 30G Tube,$457.44 
Prempro 0.625-2.5Mg Tablets - 28 Tablet Pack,$251.68 
Prevalite (Cholestyramine Light) 4 Gm Packets- 60 Packets Per Box,$57.75 
"Previcox (Firocoxib) Chewable Tablets For Dogs 57Mg, 30 Count Pack",$49.55 
Previcox (K-9) 227Mg Chew Tab - 30 Ct,$117.60 
Prevident 1.1% Gel(56.6G),$21.38 
Prevident 5000 1.1% Dry Mouth(100Ml),$20.22 
Prevident 5000 Booster Dental Paste (Fruit Flavor) -100Ml Tube,$21.29 
Prevident 5000 Booster Plus (100G/Sp),$21.38 
Prevident 5000 Enamel Protect  Paste (Mint Flavor) - 100Ml,$21.38 
Prevident 5000 Plus (51G- Mint),$21.29 
Prevident 5000 Plus Dental Cream (Fruit Flavor) - 51 G Tube,$21.29 
Prevident 5000 Sensitive Paste (100Ml),$21.38 
Primidone Oral Tablet 50 Mg,$0.10 
Pristiq 100Mg Tablets,$16.46 
Proctozone-Hc 2.5% Cream (30 G Tube),$10.91 
Progesterone 100 Mg Capsule,$0.18 
Progesterone 200 Mg Capsule,$0.39 
Progesterone In Oil 50Mg/Ml- 10Ml Vial,$32.66 
Prolia 60 Mg/Ml Syringe,"$1,681.48 "
Propafenone Er 225Mg Capsules,$0.27 
Propafenone Hcl 150 Mg Tablet,$0.11 
Propafenone Hcl 225 Mg Tab,$0.17 
Propecia 1 Mg Tablet,$4.46 
Propranolol 10Mg Tablets,$0.04 
Propranolol 20 Mg Tablet,$0.20 
Propranolol 40Mg Tablets,$0.08 
Propranolol 80 Mg Tablet,$0.12 
Propranolol Er 120 Mg Capsule,$0.23 
Propranolol Er 160 Mg Capsule,$0.39 
Propranolol Er 60 Mg Capsule,$0.16 
Propranolol Er 80 Mg Capsule,$0.18 
Proscar (Finasteride) 5Mg Tablets,$6.58 
Provigil (Generic Modafinil) 200Mg Tablets,$86.10 
Pyridostigmine Br 60 Mg Tab (30Ct),$6.24 
Pyridostigmine Er 180 Mg Tab (30Ct),$44.06 
Quetiapine 300Mg Tab,$0.10 
Quetiapine Er 300 Mg Tablet,$0.17 
Quetiapine Fumarate 100 Mg Tab,$0.03 
Quetiapine Fumarate 200Mg Tablets,$0.08 
Quetiapine Fumarate 25 Mg Tab,$0.02 
Quetiapine Fumarate 400 Mg Tab,$0.13 
Quetiapine Fumarate 50 Mg Tab,$0.42 
Quetiapine Fumarate 50Mg Tablets - Partner,$0.02 
Quetiapine Fumarate Er 150Mg Tablets,$0.12 
Quetiapine Fumarate Er 50Mg Tablets,$0.09 
Quinine Sulfate 324 Mg Capsule,$0.44 
Qvar Redihaler 80 Mcg (10.6G),$286.44 
Rabeprazole Sod Dr 20 Mg Tab,$0.10 
Rabeprazole Sodium 20Mg Ec Tablets,$0.10 
Raloxifene Hcl 60 Mg Tablet,$0.14 
Ramelteon 8 Mg Tablet,$0.54 
Ramipril 1.25 Mg Capsule,$0.06 
Ramipril 10 Mg Capsule,$0.05 
Ramipril 2.5 Mg Capsule,$0.04 
Ramipril 5 Mg Capsule,$0.04 
Ranolazine Er 1000Mg Tablets,$0.19 
Ranolazine Er 500 Mg Tablet,$0.18 
Rasagiline Mesylate 1 Mg Tab,$0.20 
Rectiv 0.4% Ointment- 30G,$635.75 
Renacidin Irrigation Solution,$184.19 
Renova 0.02% Cream (40G),$269.29 
Renova 0.02% Cream 20 Gm Tube,$50.07 
Repaglinide 2 Mg Tablet,$0.16 
Repaglinide Oral Tablet 1 Mg,$0.09 
Repatha 140Mg/Ml Sureclick Syringe- 2X1Ml,$559.71 
Restasis 0.05% Single Use Droppers (0.4Ml) - 60Ct,$638.29 
Rhopressa Dr 0.02% Opth Sl 2.5Ml,$339.66 
Ribavirin 200 Mg Tablet,$0.74 
Rifampin 300Mg Capsules,$0.41 
Riluzole 50 Mg Tablet,$0.29 
Rimadyl 100Mg Chew Tablet,$1.93 
Rimadyl 25 Mg Chew Tab Vet Rx,$33.44 
Rimadyl 75 Mg Chew Tablet,$1.49 
Risedronate Sod 35 Mg Tab (4Ct),$3.57 
Risedronate Sodium 150 Mg Tab,$11.73 
Risperidone 0.5 Mg Tablet,$0.02 
Risperidone 1 Mg/Ml Solution,$18.31 
Risperidone 2Mg Tablets,$0.03 
Risperidone 3 Mg Tablet,$0.04 
Risperidone 4 Mg Tablet,$0.05 
Rivaroxaban 2.5Mg Tablet,$1.42 
Rivastigmine 13.3 Mg/24Hr Ptch,$38.39 
Rivastigmine 3Mg Capsules,$0.12 
Rivastigmine 4.5 Mg Capsule,$0.08 
Rivastigmine 4.6 Mg/24Hr Patch (30Ct),$51.74 
Rivastigmine 6 Mg Capsule,$0.09 
Rivastigmine 9.5Mg/24Hr Adhesive Patch - Box Of 30,$34.40 
Rizatriptan 10 Mg Odt,$0.25 
Rizatriptan 10 Mg Tablet,$0.26 
Rizatriptan 5 Mg Odt,$6.40 
Rizatriptan 5 Mg Tablet,$0.30 
Roflumilast 500 Mcg Tablet,$0.26 
Ropinirole Er 4 Mg Tablets,$0.30 
Ropinirole Hcl 0.25Mg Tablets,$0.03 
Ropinirole Hcl 0.5 Mg Tablet,$0.05 
Ropinirole Hcl 1 Mg Tablet,$0.03 
Ropinirole Hcl 2 Mg Tablet,$0.04 
Ropinirole Hcl 3 Mg Tablet,$0.08 
Ropinirole Hcl 4 Mg Tablet,$0.09 
Ropinirole Hcl 5Mg Tablets,$0.03 
Rosuvastatin 40Mg Tablets,$0.08 
Rosuvastatin Calcium 10Mg Tabs,$0.06 
Rosuvastatin Calcium 20 Mg Tab,$0.05 
Rosuvastatin Calcium 5 Mg Tab,$0.03 
Rybelsus 14 Mg Tablet,"$1,002.08 "
Rybelsus 3 Mg Tablets- 30Ct Bottle,$972.88 
Rybelsus 7 Mg Tablets- 30Ct Bottle,"$1,002.08 "
Rytary 36.25-145Mg Capsule,$5.23 
Sacubitril-Valsartan (Entresto) 97-103Mg Tablet,$0.47 
Salsalate 500 Mg Tablet,$0.24 
Salsalate 750 Mg Tablet,$0.50 
Santyl 250U/Gm Ointment- 30G,$301.19 
Scopolamine 1 Mg/3 Day Patch,$5.89 
Selegiline 5Mg Tablets,$1.06 
Selenium Sulfide 2.5% Lotion (120Ml),$8.39 
Sertraline 150Mg Capsule,$6.48 
Sertraline 200 Mg Capsule,$6.48 
Sertraline 25Mg Tablets,$0.04 
Sertraline Hcl 100 Mg Tablet,$0.05 
Sertraline Hcl 50 Mg Tablet,$0.07 
Sevelamer Carbonate 800 Mg Tab,$0.34 
Sildenafil 100 Mg Tablet,$0.97 
Sildenafil 20 Mg Tablet,$0.41 
Sildenafil 20Mg Tablet,$0.03 
Sildenafil 25 Mg Tablet,$0.84 
Sildenafil 50 Mg Tablet,$0.07 
Silodosin 4 Mg Capsule,$0.39 
Silodosin 8 Mg Capsule,$0.29 
Silver Sulfadiazine 1% Cream (25 G Tube),$6.64 
Silver Sulfadiazine 1% Cream (400 G Jar),$24.47 
Silver Sulfadiazine 1% Cream (50G Jar),$6.72 
Simbrinza 0.2-1% Opth Susp - 8 Ml Bottle,$214.69 
Simvastatin 20 Mg Tablet,$0.03 
Simvastatin 40 Mg Tablet,$0.03 
Simvastatin 5Mg Tablets,$0.03 
Simvastatin 80 Mg Tablet,$0.07 
Simvastatin Tab 10 Mg,$0.02 
Sirolimus 0.5 Mg Tablet,$1.65 
Sirolimus 1 Mg Tablet,$1.45 
Sirolimus 2 Mg Tablet,$5.26 
Slynd 4 Mg Tablet (28Ct),$197.19 
Sod Sulfac-Sulf 10-5%(170.3G),$23.26 
Sodium Chloride 7% Vial (240Ml),$22.52 
"Sodium Fluoride 1.1% Gel, Mint- 56G",$5.84 
Sodium Fluoride 1Mg Chew Tablets,$0.12 
Sodium Polystyrene Sulfonate Powder (1Lb Bottle)(454Gm),$36.93 
Sodium Sulfacetamide 10% Lotion- 118Ml,$72.77 
Sodium Sulfacetamide 10% Wash- 177Ml,$42.35 
Sodium Sulfacetamide Sulfur 9-4.5% Wash- 454G,$33.18 
Sodium Sulfacetamide/Sulfur 10% - 5% Topical Cream- 28G,$43.67 
Solifenacin 10 Mg Tablet,$0.11 
Solifenacin 5 Mg Tablet,$0.07 
Sotalol 120 Mg Tablet,$0.07 
Sotalol 160 Mg Tablet,$0.13 
Sotalol 80 Mg Tablet,$0.08 
Spironolactone 100 Mg Tablet,$0.11 
Spironolactone 25 Mg Tablet,$0.04 
Spironolactone 50 Mg Tablet,$0.09 
Sprintec 28 Day Tablet,$2.45 
Sronyx 0.10-0.02 Mg Tablet,$13.42 
Steglatro 15Mg Tablets- 30Ct Bottle,$367.36 
Suboxone 2 Mg-0.5 Mg Sl Film,$6.31 
Suboxone 8 Mg-2 Mg Sl Film,$273.82 
Sucralfate 1 Gm Tablet,$0.17 
Sucralfate 1Gm - 10Ml Suspension 420 Ml,$103.45 
Sulfacetamide Sodium 10% Ophthalmic Solution (15Ml Bottle),$41.33 
Sulfacetamide Sodium/Sulfur Topical Suspension 8-4% - 473Ml Bottle,$28.60 
Sulfacetamide Sulfur 10-5% 340.2 Gm,$106.33 
Sulfamethoxazole/Trimethoprim 400-80 Mg Tablets,$0.06 
Sulfasalazine Dr 500 Mg Tab,$0.39 
Sulindac 150Mg Tablets,$0.28 
Sumatriptan 4 Mg/0.5 Ml Inject-1 Ml,$117.53 
Sumatriptan 6 Mg/0.5 Ml Cart-1 Ml,$102.60 
Sumatriptan 6 Mg/0.5 Ml Inject-1 Ml,$66.77 
Sumatriptan 6 Mg/0.5 Ml Vial (2.5Ml),$25.85 
Sumatriptan Succ 100 Mg Tablet,$24.71 
Sumatriptan Succ 25 Mg Tablet,$2.02 
Sumatriptan Succ 50 Mg Tablet,$2.05 
Sumatriptan Succinate 20 Mg Unit Dose Nasal Spray - 6 Bottle Pack,$110.15 
Sumatriptan Succinate 4Mg/0.5Ml Injection Kit (2 Cartridges),$106.50 
Suprep Bowel Prep Kit (354Ml),$121.11 
Sutab Tablets 2 X 12 Count Bottles,$171.61 
Syeda 28 Tablet Pack,$8.86 
Symbicort 160-4.5 Mcg Inhaler (120 Actuations),$238.13 
Synthroid 100 Mcg Tablet,$2.09 
Synthroid 125 Mcg Tablet,$2.08 
Synthroid 75 Mcg Tablet,$2.09 
Synvisc Hylan Gf20 16Mg/2Ml Syringe - 3 Syringe Pack,"$1,365.26 "
Tacrolimus .5Mg Cap,$0.09 
Tacrolimus 0.03% Ointment (30),$28.48 
Tacrolimus 0.03% Ointment- 60G,$34.20 
Tacrolimus 0.1% Oint (100G),$67.48 
Tacrolimus 0.1% Ointment (30G),$21.74 
Tacrolimus 0.1% Ointment (60G),$42.92 
Tacrolimus 1 Mg Capsule (Ir),$0.29 
Tacrolimus 5 Mg Capsule,$0.70 
Tacrolimus External Ointment 0.03 % (30G),$16.83 
Tacrolimus External Ointment 0.1 % (100),$54.67 
Tadalafil 10Mg Tablet (V),$0.08 
Tadalafil 2.5 Tab,$0.06 
Tadalafil 20 Mg Tablet,$0.55 
Tadalafil 5 Mg Tab,$0.04 
Tamiflu 75Mg Capsules - Pack Of 10 Capsules,$155.09 
Tamoxifen 10 Mg Tablet,$0.10 
Tamoxifen 20 Mg Tablet,$0.16 
Tamsulosin Hcl 0.4 Mg Capsule,$0.06 
Tarina 1Mg-20Mcg Fe Eq Tablet- 28 Tablet Pack,$9.51 
Tavaborole 5% Topical Solution- 10Ml,$23.38 
Tazarotene 0.1% Cream (30G),$58.55 
Tegretol Xr 400Mg Tablets,$7.76 
Temaril-P 10-5-2Mg Tab Vet Rx,$1.32 
Temazepam 15 Mg Capsule,$0.10 
Temazepam 30 Mg Capsule,$0.11 
Temazepam 7.5 Mg Capsule,$0.51 
Temozolomide 100 Mg Caps (5Ct),$11.75 
Temozolomide 140Mg Caps,$26.33 
Temozolomide 180 Mg Cap (5 Ct),$29.28 
Temozolomide 20 Mg Cap (5Ct),$5.20 
Temozolomide 250 Mg Cap (5Ct),$42.77 
Temozolomide 5Mg Capsules- 5Ct,$2.28 
Tenofovir Diso Fum 300 Mg Tabl,$7.35 
Terazosin 10 Mg Capsule,$0.10 
Terazosin 2 Mg Capsule,$0.10 
Terazosin 5 Mg Capsule,$0.11 
Terbinafine Hcl 250 Mg Tablet,$0.11 
Terconazole 0.4% Vaginal Cream (45G Tube),$27.26 
Teriflunomide 14 Mg Tablet,$0.41 
"Testosteron Cyp 2,000 Mg/10 Ml(10Ml)",$23.14 
Testosterone 1.62% Gel Pump (75G),$25.60 
Testosterone 1.62%(1.25 G) Pkt(37.5G),$88.68 
Testosterone 1% (50Mg/5G) Pk (150G),$56.31 
Testosterone 12.5 Mg/1.25Gm Gel(150G),$87.70 
Testosterone 200 Mg Mdv 10 Ml,$41.74 
Testosterone 30 Mg/1.5 Ml Pump(90Ml),$33.84 
Testosterone Cyp 200 Mg/Ml(1 Ml),$24.46 
Tetrabenazine 12.5Mg Tablets,$0.51 
Tetrabenazine 25 Mg Tablet,$0.81 
Theophylline Cr 300Mg Tablets,$0.22 
Ticagrelor 90Mg Tablet,$0.29 
Timolol Maleate 0.25% Eye Drop (15Ml),$11.15 
Timolol Maleate 0.25% Eye Drop(5Ml),$4.66 
Timolol Maleate 0.5% Eye Drop(10Ml),$7.04 
Timolol Maleate 0.5% Eye Drop(15Ml),$11.94 
Timolol Maleate 0.5% Eye Drops (5Ml),$5.33 
Timolol Maleate Pf 0.5% Soln,$96.27 
Timoptic 0.5% Ocudose Drop (60 Dose),$600.24 
Tirosint 100Mcg Cap 30Ct Blister Pack,$144.34 
Tirosint 150 Mcg Capsule (30Ct),$144.34 
Tirosint-Sol 88 Mcg/Ml Box Of 30 Ampules,$147.05 
Tizanidine Hcl 2 Mg Tablet,$0.05 
Tizanidine Hcl 4 Mg Capsule,$0.22 
Tizanidine Hcl 6 Mg Capsule,$0.16 
Tobramycin 0.3% Ophthalmic Solution (5Ml Bottle),$7.49 
Tobramycin-Dexamethasone 0.3-0.1% Ophthalmic Suspension (2.5Ml Bottle),$42.77 
Tobramycin-Dexamethasone 0.3-0.1% Ophthalmic Suspension (5Ml Bottle),$18.34 
Tolterodine 2Mg Tablets,$0.14 
Tolterodine Tart 2 Mg Tablet,$0.16 
Tolterodine Tart Er 4Mg Cap,$0.17 
Tolterodine Tartrate Er 2 Mg Cap,$0.23 
Topiramate 100 Mg Tablet,$0.06 
Topiramate 200 Mg Tablet,$0.07 
Topiramate 25 Mg Tablet,$0.03 
Topiramate 25Mg Sprinkle Capsules,$0.59 
Topiramate 50 Mg Tablet,$0.04 
Toprol Xl 100Mg Tablets,$2.60 
Toprol Xl 50 Mg Tab,$1.84 
Torsemide 10 Mg Tablet,$0.07 
Torsemide 100Mg Tablets,$0.18 
Torsemide 20Mg Tablets,$0.05 
Tramadol (Generic Ultram) 50Mg Tablets,$0.04 
Tramadol 100Mg Tablets,$1.40 
Tramadol Hcl Er 100 Mg Tablet,$0.59 
Travoprost 0.004% Eye Drop(2.5Ml),$29.35 
Trazodone 100 Mg Tablet,$0.04 
Trazodone 150 Mg Tablet,$0.07 
Trazodone 300Mg Tablets,$0.39 
Trazodone 50 Mg Tablet,$0.03 
Tresiba Flextouch Pens 100U/Ml (5 - 3Ml Cartridges/Box),$517.84 
Tretinoin 0.01% Gel(15G),$39.18 
Tretinoin 0.025% Cream(20G),$23.62 
Tretinoin 0.025% Cream(45G),$40.04 
Tretinoin 0.025% Gel (15 G Tube),$47.12 
Tretinoin 0.025% Gel(45G),$100.14 
Tretinoin 0.05% Cream(20G),$24.18 
Tretinoin 0.05% Cream(45G),$42.40 
Tretinoin 0.1% Cream (45G),$43.92 
Tretinoin 0.1% Cream(20G),$29.02 
Tretinoin Micro Gel 0.04% - 20G Tube,$165.21 
Tri-Estarylla 28 Tablet Pack*Do Not Enable*,$3.98 
Tri-Lo Marzia Tablet- 28 Tablet Pack,$14.93 
Tri-Lo-Estarylla Tablet,$3.77 
Tri-Luma Cream (30G),$251.23 
Tri-Sprintec Tablet,$6.16 
Triamcinolone 0.025% Cream (15G),$2.99 
Triamcinolone 0.025% Cream (80 G Tube),$2.62 
Triamcinolone 0.025% Cream (80G),$3.67 
Triamcinolone 0.025% Ointment (15 G Tube),$3.98 
Triamcinolone 0.1% Cream (15G),$1.59 
Triamcinolone 0.1% Cream (30G),$8.58 
Triamcinolone 0.1% Cream (454 G Jar),$11.91 
Triamcinolone 0.1% Cream (454G),$13.44 
Triamcinolone 0.1% Cream (80G),$6.39 
Triamcinolone 0.1% Lotion - 60 Ml Bottle,$13.80 
Triamcinolone 0.1% Oint (15G),$3.62 
Triamcinolone 0.1% Oint (30G),$6.49 
Triamcinolone 0.1% Oint (454G),$15.36 
Triamcinolone 0.1% Oint (80G),$13.33 
Triamcinolone 0.1% Ointment (15 G Tube),$1.31 
Triamcinolone 0.1% Ointment 80Gm,$4.05 
Triamcinolone 0.1% Paste,$9.16 
Triamcinolone 0.1% Paste (5G),$17.12 
Triamcinolone 0.5% Cream,$5.36 
Triamcinolone 0.5% Ointment 15Gm,$5.01 
Triamcinolone Acet 40 Mg/Ml Vl,$6.32 
Triamcinolone Acetonide External Cream 0.1 %,$2.51 
Triamcinolone External Cream 0.1 % (15Gm),$2.02 
Triamterene-Hctz 37.5-25 Mg Capsules,$0.06 
Triamterene-Hctz 37.5-25 Mg Tb,$0.04 
Triamterene-Hctz 75-50 Mg Tablet,$0.07 
Triazolam (Generic Halcion) 0.25 Mg Tablets,$0.24 
Tricor 145 Mg Tablet,$1.31 
Trifluoperazine 5 Mg Tablet,$0.60 
Trihexyphenidyl 2 Mg Tablet,$0.05 
Trihexyphenidyl 5Mg Tablets,$0.12 
Trimo-San Jelly (113.4G),$30.61 
Trintellix 20Mg Tabs,$18.98 
Trivora-28 Tablet,$12.51 
Trospium Chloride 20 Mg Tablet,$0.19 
Trulicity (Dulaglutide) 4 Pens Of 0.75Mg/0.5Ml,$986.89 
Trulicity (Dulaglutide) 4 Pens Of 1.5Mg/0.5Ml,$958.67 
Trulicity (Dulaglutide) 4 Pens Of 3Mg/0.5Ml,$977.12 
Trulicity (Dulaglutide) 4 Pens Of 4.5Mg/0.5Ml,$986.89 
Urogesic-Blue Tablet,$6.26 
Ursodiol 250 Mg Tablet,$0.31 
Ursodiol 300 Mg Capsule,$0.37 
Ursodiol 500 Mg Tablet,$0.62 
Valacyclovir 500Mg Tablets,$0.22 
Valacyclovir Hcl 1 Gram Tablet,$0.37 
Valproic Acid 250 Mg/5 Ml Soln (473Ml),$20.05 
Valsartan 160 Mg Tablet,$0.07 
Valsartan 160Mg Tab,$0.09 
Valsartan 320 Mg Tablet,$0.14 
Valsartan 40 Mg Tablet,$0.07 
Valsartan 80 Mg Tablet,$0.04 
Valsartan-Hctz 160-12.5 Mg Tab,$0.11 
Valsartan-Hctz 160-25 Mg Tab,$0.10 
Valsartan-Hctz 320-12.5 Mg Tab,$0.33 
Valsartan-Hctz 320-25 Mg Tab,$0.18 
Valsartan-Hctz 80-12.5 Mg Tab,$0.08 
Valtrex 1000Mg Caplets,$22.80 
Valtrex 500 Mg Caplet,$15.14 
Vancomycin 125Mg Capsules,$0.91 
Vardenafil 10Mg Odt 4 Tablet Pack,$95.51 
Vardenafil 20 Mg Tab,$2.05 
Vardenafil 5Mg Tablets,$3.07 
Vardenafil Hcl 10 Mg Tablet,$3.18 
Vardenafil Hcl 20 Mg Tablet,$2.75 
Varenicline 0.5Mg/1Mg Tabs (Starter),$12.74 
Varenicline 1 Mg Tablet (56Ct),$14.94 
Varenicline Starting Month Box (53Ct),$12.69 
Varenicline Tartrate Oral Tablet 0.5 Mg (56),$0.32 
Venlafaxine 25Mg Tablets,$0.04 
Venlafaxine 75Mg Tablets,$0.04 
Venlafaxine Er 150Mg Capsules,$0.08 
Venlafaxine Hcl 100 Mg Tablet,$0.06 
Venlafaxine Hcl 37.5 Mg Tablet,$0.04 
Venlafaxine Hcl 50 Mg Tablet,$0.05 
Venlafaxine Hcl Er 150 Mg Tablet,$0.16 
Venlafaxine Hcl Er 37.5 Mg Cap,$0.11 
Venlafaxine Hcl Er 75 Mg Cap,$0.05 
Ventolin Hfa 90 Mcg Inhaler (18G),$57.96 
Verapamil Er 120 Mg Tablet,$0.13 
Verapamil Er 180 Mg Tablet,$0.14 
Verapamil Er 240 Mg Tablet,$0.21 
Verapamil Sr 240 Mg Capsule,$0.48 
Viagra 100 Mg Tablet,$89.97 
Viceton (Chloramphenicol) 500Mg Tablets For Oral Use In Dogs,$0.55 
Victoza 18Mg/3Ml Injection Pen (2 Pen Pack),$543.35 
Victoza 3-Pak 18 Mg/3 Ml Pen (9Ml),$815.02 
Vienva-28 Tablet,$4.28 
Vilazodone Hcl 10Mg Tablet,$0.68 
Vilazodone Hcl 20 Mg Tablet,$1.14 
Vilazodone Hcl Oral Tablet 40 Mg,$0.69 
Viorele 28 Day Tablet,$17.25 
"Vitamin D2 1.25 Mg(50,000 Unit)",$0.09 
Vivelle-Dot 0.1Mg Patch (8 Patch Pack),$158.58 
Vivotif Berna Vaccine Ec Capsules - 4 Pack,$109.25 
Voriconazole 200Mg Tab,$1.16 
Voriconazole 50 Mg Tablet,$0.35 
Vuity 1.25% Eye Drop (2.5Ml),$79.41 
Vuity 1.25% Ophthalmic Solution- 2.5Ml,$79.41 
Vuity 1.25% Ophthalmic Solution- 5Ml,$120.62 
Vyfemla 0.4 Mg-0.035 Mg Tablet,$41.55 
Warfarin 1Mg Tablets,$0.10 
Warfarin Sodium 10 Mg Tablet,$0.06 
Warfarin Sodium 2.5 Mg Tablet,$0.05 
Warfarin Sodium 3 Mg Tablet,$0.05 
Warfarin Sodium 4 Mg Tablet,$0.05 
Warfarin Sodium 5 Mg Tablet,$0.05 
Warfarin Sodium 7.5 Mg Tablet,$0.05 
Wegovy 0.25 Mg - 4 X 0.5 Ml Injector Pens,"$1,348.60 "
Wegovy 0.5 Mg - 4 X 0.5 Ml Injector Pens,"$1,348.60 "
Wegovy 1.7 Mg/0.75 Ml Pen(3Ml),"$1,348.60 "
Wegovy 1Mg - 4 X 0.5 Ml Injector Pens,"$1,348.60 "
Wegovy 2.4 Mg/0.75 Ml Pen(3Ml),"$1,348.60 "
"Winlevi 1% Cream, 60 Gm Tube",$600.24 
Wixela Inhub 100-50Mcg (Generic Advair Diskus) 60 Doses,$98.39 
Wixela Inhub 250-50Mcg (Generic Advair Diskus) 60 Doses,$122.26 
Wixela Inhub 500-50Mcg (Generic Advair Diskus) 60 Doses,$160.79 
Xanax (Alprazolam) 1Mg Tablets,$11.48 
Xarelto 20 Mg Tablet,$21.40 
Xifaxan 550 Mg Tablets,$58.67 
Xulane 150-35 Mcg/Day Ptch (3Ct),$130.81 
Xyosted 100Mg Auto Injector- 4X0.5Ml,$638.12 
Xyosted 75 Mg/0.5 Ml Auto-Inj,$619.54 
Yasmin 3-0.03Mg- 28 Tablet Pack,$132.57 
Yaz 3-0.02 Mg Tabs 3X28,$174.99 
Yuvafem 10 Mcg Vaginal Insert (18Ct),$402.01 
Zaleplon 10 Mg Capsule,$0.13 
Zaleplon 5 Mg Capsule,$0.21 
Zepbound 10 Mg/0.5Ml Injector,"$1,086.03 "
Zepbound 12.5 Mg/0.5Ml Injection,"$1,086.03 "
Zepbound 15 Mg/0.5Ml Injection,"$1,086.03 "
Zepbound 2.5Mg/0.5Ml Injection,"$1,086.03 "
Zepbound 5 Mg/0.5Ml Soln,"$1,086.03 "
Zepbound 7.5 Mg/0.5Ml Injector,"$1,086.03 "
Zioptan 0.0015% Solution,$272.25 
Ziprasidone 60Mg Capsules,$0.58 
Ziprasidone Hcl 80 Mg Capsule,$0.19 
Zocor 20 Mg Tablet,$11.25 
Zolmitriptan 2.5 Mg Tablet,$3.54 
Zolmitriptan 2.5Mg Odt Tablets - 6 Tablet Box,$9.84 
Zolmitriptan 5 Mg Odt (3Ct),$5.88 
Zolmitriptan 5 Mg Tablet (3 Ct),$2.54 
Zoloft 100Mg Tablets,$16.79 
Zolpidem Tart 1.75 Mg Tab Sl (30Ct),$100.67 
Zolpidem Tart Er 12.5 Mg Tab,$0.09 
Zolpidem Tart Er 6.25 Mg Tab,$0.29 
Zolpidem Tartrate 10 Mg Tablet,$0.07 
Zolpidem Tartrate 5 Mg Tablet,$0.05 
Zomacton 10 Mg Vial,$582.61 
Zonisamide 100 Mg Capsule,$0.08 
Zonisamide 25 Mg Capsule,$0.06 
Zonisamide 50 Mg Capsule,$0.06 
Zovia 1-35 Tablet,$14.61 
Zovirax 5% Cream (5G Tube),$205.80 
Zubsolv Sl 5.7-1.4 Mg Tablet,$311.24 
Zycortal 25Mg/Ml Susp (K9) (4Ml),$171.85 
Zyprexa Zydis 15 Mg Tablet (30Ct),"$1,093.76 "
